id,install_code,suhu,kelembaban,amonia,timestamp
2555,ESP32_IDM_003_L1,32.52,72.36,2.7,2025-09-29T10:46:53.087719Z
2554,ESP32_IDM_003_L1,32.55,72.09,2.73,2025-09-29T10:45:53.031868Z
2553,ESP32_IDM_003_L1,32.61,71.94,2.69,2025-09-29T10:44:52.949517Z
2552,ESP32_IDM_003_L1,32.66,71.54,2.68,2025-09-29T10:43:52.865384Z
2551,ESP32_IDM_003_L1,32.59,72.4,2.65,2025-09-29T10:42:52.780714Z
2550,ESP32_IDM_003_L1,32.49,72.36,2.68,2025-09-29T10:41:52.697559Z
2549,ESP32_IDM_003_L1,32.47,72.61,2.68,2025-09-29T10:40:52.642789Z
2548,ESP32_IDM_003_L1,32.44,72.54,2.67,2025-09-29T10:39:52.558552Z
2547,ESP32_IDM_003_L1,32.42,72.78,2.64,2025-09-29T10:38:52.474484Z
2546,ESP32_IDM_003_L1,32.41,72.62,2.64,2025-09-29T10:37:52.393333Z
2545,ESP32_IDM_003_L1,32.35,72.7,2.62,2025-09-29T10:36:52.308083Z
2544,ESP32_IDM_003_L1,32.42,72.36,2.68,2025-09-29T10:35:52.253Z
2543,ESP32_IDM_003_L1,32.55,72.1,2.66,2025-09-29T10:34:52.22904Z
2542,ESP32_IDM_003_L1,32.52,72.17,2.69,2025-09-29T10:33:52.087383Z
2541,ESP32_IDM_003_L1,32.51,72.27,2.71,2025-09-29T10:32:52.002483Z
2540,ESP32_IDM_003_L1,32.51,72.44,2.71,2025-09-29T10:31:51.920964Z
2539,ESP32_IDM_003_L1,32.55,72.09,2.66,2025-09-29T10:30:51.864672Z
2538,ESP32_IDM_003_L1,32.58,71.89,2.67,2025-09-29T10:29:51.781067Z
2537,ESP32_IDM_003_L1,32.61,71.58,2.67,2025-09-29T10:28:51.696992Z
2536,ESP32_IDM_003_L1,32.58,71.99,2.68,2025-09-29T10:27:51.613882Z
2535,ESP32_IDM_003_L1,32.57,72.32,2.7,2025-09-29T10:26:51.53014Z
2534,ESP32_IDM_003_L1,32.62,72.05,2.71,2025-09-29T10:25:51.476661Z
2533,ESP32_IDM_003_L1,32.49,72.32,2.67,2025-09-29T10:24:51.391644Z
2532,ESP32_IDM_003_L1,32.65,71.62,2.72,2025-09-29T10:23:51.308617Z
2531,ESP32_IDM_003_L1,32.44,72.11,2.72,2025-09-29T10:22:51.224069Z
2530,ESP32_IDM_003_L1,32.55,71.99,2.71,2025-09-29T10:21:51.143745Z
2529,ESP32_IDM_003_L1,32.64,71.85,2.7,2025-09-29T10:20:51.088515Z
2528,ESP32_IDM_003_L1,32.58,71.85,2.63,2025-09-29T10:19:51.002601Z
2527,ESP32_IDM_003_L1,32.58,71.93,2.64,2025-09-29T10:18:50.920486Z
2526,ESP32_IDM_003_L1,32.62,71.64,2.68,2025-09-29T10:17:50.836204Z
2525,ESP32_IDM_003_L1,32.61,71.71,2.7,2025-09-29T10:16:50.753575Z
2524,ESP32_IDM_003_L1,32.52,72.22,2.75,2025-09-29T10:15:50.749447Z
2523,ESP32_IDM_003_L1,32.51,72.1,2.67,2025-09-29T10:14:50.613352Z
2522,ESP32_IDM_003_L1,32.49,72.19,2.69,2025-09-29T10:13:50.530866Z
2521,ESP32_IDM_003_L1,32.41,72.14,2.68,2025-09-29T10:12:50.446198Z
2520,ESP32_IDM_003_L1,32.49,72.02,2.67,2025-09-29T10:11:50.364423Z
2519,ESP32_IDM_003_L1,32.38,72.45,2.65,2025-09-29T10:10:50.317805Z
2518,ESP32_IDM_003_L1,32.37,72.87,2.6,2025-09-29T10:09:50.237116Z
2517,ESP32_IDM_003_L1,32.34,72.28,2.62,2025-09-29T10:08:50.198576Z
2516,ESP32_IDM_003_L1,32.33,72.36,2.6,2025-09-29T10:07:50.057801Z
2515,ESP32_IDM_003_L1,32.47,71.77,2.63,2025-09-29T10:06:49.972439Z
2514,ESP32_IDM_003_L1,32.42,72.27,2.64,2025-09-29T10:05:49.919271Z
2513,ESP32_IDM_003_L1,32.4,72.0,2.61,2025-09-29T10:04:49.835848Z
2512,ESP32_IDM_003_L1,32.4,72.36,2.69,2025-09-29T10:03:49.752233Z
2511,ESP32_IDM_003_L1,32.4,72.38,2.67,2025-09-29T10:02:49.668976Z
2510,ESP32_IDM_003_L1,32.4,72.51,2.65,2025-09-29T10:01:49.584439Z
2509,ESP32_IDM_003_L1,32.31,72.58,2.65,2025-09-29T10:00:49.53066Z
2508,ESP32_IDM_003_L1,32.35,72.47,2.65,2025-09-29T09:59:49.447817Z
2507,ESP32_IDM_003_L1,32.42,72.18,2.62,2025-09-29T09:58:49.361905Z
2506,ESP32_IDM_003_L1,32.4,72.43,2.6,2025-09-29T09:57:49.281213Z
2505,ESP32_IDM_003_L1,32.25,72.17,2.61,2025-09-29T09:56:49.196891Z
2504,ESP32_IDM_003_L1,32.44,72.23,2.61,2025-09-29T09:55:49.140787Z
2503,ESP32_IDM_003_L1,32.4,72.1,2.61,2025-09-29T09:54:49.057835Z
2502,ESP32_IDM_003_L1,32.41,72.22,2.59,2025-09-29T09:53:48.975188Z
2501,ESP32_IDM_003_L1,32.37,72.25,2.54,2025-09-29T09:52:48.889222Z
2500,ESP32_IDM_003_L1,32.4,71.85,2.53,2025-09-29T09:51:48.807502Z
2499,ESP32_IDM_003_L1,32.54,71.53,2.53,2025-09-29T09:50:48.752671Z
2498,ESP32_IDM_003_L1,32.58,72.07,2.54,2025-09-29T09:49:48.668639Z
2497,ESP32_IDM_003_L1,32.48,71.61,2.57,2025-09-29T09:48:48.584Z
2496,ESP32_IDM_003_L1,32.47,71.75,2.6,2025-09-29T09:47:48.501296Z
2495,ESP32_IDM_003_L1,32.64,71.59,2.63,2025-09-29T09:46:48.418213Z
2494,ESP32_IDM_003_L1,32.8,70.86,2.61,2025-09-29T09:45:48.362843Z
2493,ESP32_IDM_003_L1,32.59,71.67,2.58,2025-09-29T09:44:48.283017Z
2492,ESP32_IDM_003_L1,32.35,72.43,2.55,2025-09-29T09:43:48.196903Z
2491,ESP32_IDM_003_L1,32.3,71.97,2.58,2025-09-29T09:42:48.111695Z
2490,ESP32_IDM_003_L1,32.4,72.05,2.54,2025-09-29T09:41:48.028672Z
2489,ESP32_IDM_003_L1,32.31,72.06,2.51,2025-09-29T09:40:47.974582Z
2488,ESP32_IDM_003_L1,32.38,71.91,2.56,2025-09-29T09:39:47.890162Z
2487,ESP32_IDM_003_L1,32.4,72.11,2.6,2025-09-29T09:38:47.807025Z
2486,ESP32_IDM_003_L1,32.45,71.45,2.61,2025-09-29T09:37:47.783567Z
2485,ESP32_IDM_003_L1,32.51,71.39,2.62,2025-09-29T09:36:47.639795Z
2484,ESP32_IDM_003_L1,32.52,71.1,2.68,2025-09-29T09:35:47.591027Z
2483,ESP32_IDM_003_L1,32.52,71.51,2.68,2025-09-29T09:34:47.509534Z
2482,ESP32_IDM_003_L1,32.31,72.2,2.63,2025-09-29T09:33:47.428178Z
2481,ESP32_IDM_003_L1,32.31,72.09,2.62,2025-09-29T09:32:47.391898Z
2480,ESP32_IDM_003_L1,32.23,72.52,2.59,2025-09-29T09:31:47.251418Z
2479,ESP32_IDM_003_L1,32.23,72.55,2.61,2025-09-29T09:30:47.195114Z
2478,ESP32_IDM_003_L1,32.35,71.18,2.62,2025-09-29T09:29:47.112138Z
2477,ESP32_IDM_003_L1,32.45,71.33,2.61,2025-09-29T09:28:47.029164Z
2476,ESP32_IDM_003_L1,32.4,70.92,2.57,2025-09-29T09:27:46.946159Z
2475,ESP32_IDM_003_L1,32.48,71.27,2.58,2025-09-29T09:26:46.860775Z
2474,ESP32_IDM_003_L1,32.27,71.82,2.52,2025-09-29T09:25:46.809135Z
2473,ESP32_IDM_003_L1,32.19,71.95,2.51,2025-09-29T09:24:46.723184Z
2472,ESP32_IDM_003_L1,32.2,71.27,2.53,2025-09-29T09:23:46.638707Z
2471,ESP32_IDM_003_L1,32.21,72.14,2.5,2025-09-29T09:22:46.557088Z
2470,ESP32_IDM_003_L1,32.33,72.08,2.53,2025-09-29T09:21:46.480177Z
2469,ESP32_IDM_003_L1,32.27,71.98,2.52,2025-09-29T09:20:46.416479Z
2468,ESP32_IDM_003_L1,32.23,72.7,2.53,2025-09-29T09:19:46.333687Z
2467,ESP32_IDM_003_L1,32.2,72.14,2.52,2025-09-29T09:18:46.251551Z
2466,ESP32_IDM_003_L1,32.17,71.66,2.54,2025-09-29T09:17:46.166534Z
2465,ESP32_IDM_003_L1,32.3,71.97,2.57,2025-09-29T09:16:46.082133Z
2464,ESP32_IDM_003_L1,32.25,71.24,2.56,2025-09-29T09:15:46.029898Z
2463,ESP32_IDM_003_L1,32.25,72.3,2.51,2025-09-29T09:14:45.943543Z
2462,ESP32_IDM_003_L1,32.25,71.79,2.49,2025-09-29T09:13:45.861075Z
2461,ESP32_IDM_003_L1,32.24,72.69,2.46,2025-09-29T09:12:45.777367Z
2460,ESP32_IDM_003_L1,32.14,72.86,2.47,2025-09-29T09:11:45.695716Z
2459,ESP32_IDM_003_L1,32.1,72.03,2.43,2025-09-29T09:10:45.6447Z
2458,ESP32_IDM_003_L1,32.13,71.65,2.42,2025-09-29T09:09:45.5643Z
2457,ESP32_IDM_003_L1,32.16,72.24,2.44,2025-09-29T09:08:45.486085Z
2456,ESP32_IDM_003_L1,32.06,72.19,2.45,2025-09-29T09:07:45.446159Z
2455,ESP32_IDM_003_L1,32.14,72.56,2.48,2025-09-29T09:06:45.304337Z
2454,ESP32_IDM_003_L1,32.09,72.13,2.46,2025-09-29T09:05:45.264224Z
2453,ESP32_IDM_003_L1,32.09,72.13,2.52,2025-09-29T09:04:45.165791Z
2452,ESP32_IDM_003_L1,32.02,72.39,2.5,2025-09-29T09:03:45.082655Z
2451,ESP32_IDM_003_L1,32.02,72.27,2.52,2025-09-29T09:02:45.001265Z
2450,ESP32_IDM_003_L1,32.0,73.24,2.56,2025-09-29T09:01:44.915321Z
2449,ESP32_IDM_003_L1,31.94,72.8,2.58,2025-09-29T09:00:44.860457Z
2448,ESP32_IDM_003_L1,31.9,73.61,2.61,2025-09-29T08:59:44.779484Z
2447,ESP32_IDM_003_L1,31.99,79.22,2.71,2025-09-29T08:58:44.693487Z
2446,ESP32_IDM_003_L1,31.75,75.19,2.77,2025-09-29T08:57:44.610564Z
2445,ESP32_IDM_003_L1,32.09,73.68,2.84,2025-09-29T08:56:44.525723Z
2444,ESP32_IDM_003_L1,32.06,72.88,2.84,2025-09-29T08:55:44.471359Z
2443,ESP32_IDM_003_L1,32.12,72.57,2.86,2025-09-29T08:54:44.387189Z
2442,ESP32_IDM_003_L1,32.09,72.44,2.75,2025-09-29T08:53:44.304496Z
2441,ESP32_IDM_003_L1,32.16,72.43,2.7,2025-09-29T08:52:44.221848Z
2440,ESP32_IDM_003_L1,32.13,72.03,2.87,2025-09-29T08:51:44.137336Z
2439,ESP32_IDM_003_L1,32.03,71.62,2.96,2025-09-29T08:50:44.085575Z
2438,ESP32_IDM_003_L1,32.07,72.53,2.9,2025-09-29T08:49:44.001165Z
2437,ESP32_IDM_003_L1,32.07,72.47,2.83,2025-09-29T08:48:43.914537Z
2436,ESP32_IDM_003_L1,32.02,71.77,2.86,2025-09-29T08:47:43.832197Z
2435,ESP32_IDM_003_L1,32.14,71.64,2.84,2025-09-29T08:46:43.75128Z
2434,ESP32_IDM_003_L1,32.16,71.74,2.64,2025-09-29T08:45:43.693715Z
2433,ESP32_IDM_003_L1,32.14,71.85,2.63,2025-09-29T08:44:43.620441Z
2432,ESP32_IDM_003_L1,32.09,72.01,2.66,2025-09-29T08:43:43.538987Z
2431,ESP32_IDM_003_L1,32.03,72.3,2.71,2025-09-29T08:42:43.499652Z
2430,ESP32_IDM_003_L1,32.07,73.05,2.62,2025-09-29T08:41:43.359168Z
2429,ESP32_IDM_003_L1,32.17,72.13,2.58,2025-09-29T08:40:43.30612Z
2428,ESP32_IDM_003_L1,32.1,72.58,2.63,2025-09-29T08:39:43.221067Z
2427,ESP32_IDM_003_L1,32.05,72.53,2.67,2025-09-29T08:38:43.136479Z
2426,ESP32_IDM_003_L1,32.07,72.08,2.66,2025-09-29T08:37:43.053102Z
2425,ESP32_IDM_003_L1,32.21,72.18,2.71,2025-09-29T08:36:42.971157Z
2424,ESP32_IDM_003_L1,32.31,71.43,2.7,2025-09-29T08:35:42.915171Z
2423,ESP32_IDM_003_L1,32.21,71.27,2.67,2025-09-29T08:34:42.832952Z
2422,ESP32_IDM_003_L1,32.13,72.33,2.75,2025-09-29T08:33:42.749802Z
2421,ESP32_IDM_003_L1,32.13,72.14,2.85,2025-09-29T08:32:42.666307Z
2420,ESP32_IDM_003_L1,32.0,72.71,2.92,2025-09-29T08:31:42.580574Z
2419,ESP32_IDM_003_L1,31.83,73.18,2.98,2025-09-29T08:30:42.52666Z
2418,ESP32_IDM_003_L1,31.86,71.49,2.96,2025-09-29T08:29:42.442686Z
2417,ESP32_IDM_003_L1,32.0,71.95,2.94,2025-09-29T08:28:42.358656Z
2416,ESP32_IDM_003_L1,32.12,71.0,2.95,2025-09-29T08:27:42.277059Z
2415,ESP32_IDM_003_L1,32.06,71.59,2.81,2025-09-29T08:26:42.193808Z
2414,ESP32_IDM_003_L1,32.05,71.36,2.88,2025-09-29T08:25:42.137309Z
2413,ESP32_IDM_003_L1,32.09,71.41,2.82,2025-09-29T08:24:42.054865Z
2412,ESP32_IDM_003_L1,32.16,71.29,2.69,2025-09-29T08:23:41.970562Z
2411,ESP32_IDM_003_L1,32.19,71.36,2.69,2025-09-29T08:22:41.885528Z
2410,ESP32_IDM_003_L1,32.41,70.94,2.83,2025-09-29T08:21:41.802869Z
2409,ESP32_IDM_003_L1,32.24,71.79,2.75,2025-09-29T08:20:41.747903Z
2408,ESP32_IDM_003_L1,32.06,71.8,2.67,2025-09-29T08:19:41.664603Z
2407,ESP32_IDM_003_L1,32.03,72.31,2.76,2025-09-29T08:18:41.58042Z
2406,ESP32_IDM_003_L1,32.14,71.51,2.75,2025-09-29T08:17:41.499099Z
2405,ESP32_IDM_003_L1,32.35,72.01,2.72,2025-09-29T08:16:41.413733Z
2404,ESP32_IDM_003_L1,32.23,71.39,2.89,2025-09-29T08:15:41.360546Z
2403,ESP32_IDM_003_L1,32.33,70.7,2.75,2025-09-29T08:14:41.27709Z
2402,ESP32_IDM_003_L1,32.35,72.14,2.73,2025-09-29T08:13:41.192333Z
2401,ESP32_IDM_003_L1,32.21,70.83,2.79,2025-09-29T08:12:41.106952Z
2400,ESP32_IDM_003_L1,32.14,71.95,2.75,2025-09-29T08:11:41.025827Z
2399,ESP32_IDM_003_L1,32.13,73.51,2.67,2025-09-29T08:10:40.98339Z
2398,ESP32_IDM_003_L1,32.33,72.69,2.71,2025-09-29T08:09:40.885949Z
2397,ESP32_IDM_003_L1,32.33,72.02,2.65,2025-09-29T08:08:40.804445Z
2396,ESP32_IDM_003_L1,32.25,72.1,2.66,2025-09-29T08:07:40.71899Z
2395,ESP32_IDM_003_L1,32.06,71.8,2.69,2025-09-29T08:06:40.636054Z
2394,ESP32_IDM_003_L1,32.06,71.53,2.67,2025-09-29T08:05:40.582286Z
2393,ESP32_IDM_003_L1,31.92,71.28,2.76,2025-09-29T08:04:40.49672Z
2392,ESP32_IDM_003_L1,32.02,70.53,2.65,2025-09-29T08:03:40.413634Z
2391,ESP32_IDM_003_L1,32.16,72.07,2.59,2025-09-29T08:02:40.32882Z
2390,ESP32_IDM_003_L1,32.12,70.83,2.58,2025-09-29T08:01:40.248062Z
2389,ESP32_IDM_003_L1,32.37,70.84,2.69,2025-09-29T08:00:40.192153Z
2388,ESP32_IDM_003_L1,32.41,71.96,2.65,2025-09-29T07:59:40.120326Z
2387,ESP32_IDM_003_L1,32.14,71.53,2.68,2025-09-29T07:58:40.036378Z
2386,ESP32_IDM_003_L1,32.21,72.63,2.5,2025-09-29T07:57:39.999182Z
2385,ESP32_IDM_003_L1,32.33,71.61,2.69,2025-09-29T07:56:39.857678Z
2384,ESP32_IDM_003_L1,32.28,71.85,2.76,2025-09-29T07:55:39.802989Z
2383,ESP32_IDM_003_L1,32.28,72.46,2.71,2025-09-29T07:54:39.719313Z
2382,ESP32_IDM_003_L1,32.24,71.9,2.61,2025-09-29T07:53:39.634985Z
2381,ESP32_IDM_003_L1,32.02,73.71,2.58,2025-09-29T07:52:39.552137Z
2380,ESP32_IDM_003_L1,31.9,73.41,2.5,2025-09-29T07:51:39.467896Z
2379,ESP32_IDM_003_L1,31.81,73.44,2.49,2025-09-29T07:50:39.412529Z
2378,ESP32_IDM_003_L1,31.86,72.8,2.58,2025-09-29T07:49:39.331357Z
2377,ESP32_IDM_003_L1,31.79,73.42,2.66,2025-09-29T07:48:39.245121Z
2376,ESP32_IDM_003_L1,31.83,72.99,2.67,2025-09-29T07:47:39.163574Z
2375,ESP32_IDM_003_L1,31.82,75.72,2.66,2025-09-29T07:46:39.078315Z
2374,ESP32_IDM_003_L1,31.89,71.31,2.68,2025-09-29T07:45:39.024295Z
2373,ESP32_IDM_003_L1,31.82,72.63,2.8,2025-09-29T07:44:38.941101Z
2372,ESP32_IDM_003_L1,32.44,70.08,2.87,2025-09-29T07:43:38.857197Z
2371,ESP32_IDM_003_L1,32.57,69.4,2.84,2025-09-29T07:42:38.774122Z
2370,ESP32_IDM_003_L1,32.62,69.61,2.79,2025-09-29T07:41:38.689959Z
2369,ESP32_IDM_003_L1,32.55,69.84,2.75,2025-09-29T07:40:38.63662Z
2368,ESP32_IDM_003_L1,32.44,69.95,2.79,2025-09-29T07:39:38.552912Z
2367,ESP32_IDM_003_L1,32.45,70.03,2.85,2025-09-29T07:38:38.469156Z
2366,ESP32_IDM_003_L1,32.51,69.83,2.81,2025-09-29T07:37:38.385219Z
2365,ESP32_IDM_003_L1,32.57,69.79,2.8,2025-09-29T07:36:38.301373Z
2364,ESP32_IDM_003_L1,32.54,69.96,2.85,2025-09-29T07:35:38.24636Z
2363,ESP32_IDM_003_L1,32.52,69.69,2.93,2025-09-29T07:34:38.162497Z
2362,ESP32_IDM_003_L1,32.62,69.81,2.86,2025-09-29T07:33:38.080276Z
2361,ESP32_IDM_003_L1,32.65,69.49,2.8,2025-09-29T07:32:37.994236Z
2360,ESP32_IDM_003_L1,32.69,69.44,2.78,2025-09-29T07:31:37.911342Z
2359,ESP32_IDM_003_L1,32.68,69.64,2.75,2025-09-29T07:30:37.857455Z
2358,ESP32_IDM_003_L1,32.66,69.15,2.8,2025-09-29T07:29:37.772582Z
2357,ESP32_IDM_003_L1,32.79,69.28,2.82,2025-09-29T07:28:37.689135Z
2356,ESP32_IDM_003_L1,32.55,69.68,2.77,2025-09-29T07:27:37.607946Z
2355,ESP32_IDM_003_L1,32.58,69.78,2.81,2025-09-29T07:26:37.52366Z
2354,ESP32_IDM_003_L1,32.65,69.84,2.85,2025-09-29T07:25:37.468697Z
2353,ESP32_IDM_003_L1,32.49,70.17,2.8,2025-09-29T07:24:37.38592Z
2352,ESP32_IDM_003_L1,32.55,69.96,2.78,2025-09-29T07:23:37.302375Z
2351,ESP32_IDM_003_L1,32.4,70.58,2.75,2025-09-29T07:22:37.216263Z
2350,ESP32_IDM_003_L1,32.33,70.84,2.77,2025-09-29T07:21:37.133682Z
2349,ESP32_IDM_003_L1,32.38,70.49,2.8,2025-09-29T07:20:37.078471Z
2348,ESP32_IDM_003_L1,32.57,70.21,2.81,2025-09-29T07:19:36.995011Z
2347,ESP32_IDM_003_L1,32.54,70.2,2.82,2025-09-29T07:18:36.911747Z
2346,ESP32_IDM_003_L1,32.57,70.35,2.86,2025-09-29T07:17:36.829788Z
2345,ESP32_IDM_003_L1,32.51,70.7,2.91,2025-09-29T07:16:36.743627Z
2344,ESP32_IDM_003_L1,32.42,70.59,2.92,2025-09-29T07:15:36.691193Z
2343,ESP32_IDM_003_L1,32.54,70.62,2.92,2025-09-29T07:14:36.606842Z
2342,ESP32_IDM_003_L1,32.61,70.33,2.9,2025-09-29T07:13:36.523411Z
2341,ESP32_IDM_003_L1,32.61,70.3,2.85,2025-09-29T07:12:36.43881Z
2340,ESP32_IDM_003_L1,32.52,70.72,2.83,2025-09-29T07:11:36.356789Z
2339,ESP32_IDM_003_L1,32.38,71.26,2.88,2025-09-29T07:10:36.300624Z
2338,ESP32_IDM_003_L1,32.27,70.91,2.9,2025-09-29T07:09:36.225879Z
2337,ESP32_IDM_003_L1,32.49,70.49,2.88,2025-09-29T07:08:36.145329Z
2336,ESP32_IDM_003_L1,32.55,70.71,2.87,2025-09-29T07:07:36.108902Z
2335,ESP32_IDM_003_L1,32.54,70.54,2.89,2025-09-29T07:06:35.966242Z
2334,ESP32_IDM_003_L1,32.58,70.54,2.93,2025-09-29T07:05:35.91404Z
2333,ESP32_IDM_003_L1,32.44,70.7,2.91,2025-09-29T07:04:35.827577Z
2332,ESP32_IDM_003_L1,32.44,70.9,2.92,2025-09-29T07:03:35.744219Z
2331,ESP32_IDM_003_L1,32.75,69.88,2.9,2025-09-29T07:02:35.661473Z
2330,ESP32_IDM_003_L1,32.49,70.7,2.87,2025-09-29T07:01:35.580646Z
2329,ESP32_IDM_003_L1,32.57,70.51,2.86,2025-09-29T07:00:35.521609Z
2328,ESP32_IDM_003_L1,32.54,70.82,2.88,2025-09-29T06:59:35.44711Z
2327,ESP32_IDM_003_L1,32.58,70.49,2.87,2025-09-29T06:58:35.367618Z
2326,ESP32_IDM_003_L1,32.68,70.65,2.98,2025-09-29T06:57:35.284859Z
2325,ESP32_IDM_003_L1,32.72,70.35,2.87,2025-09-29T06:56:35.188454Z
2324,ESP32_IDM_003_L1,32.76,70.23,2.87,2025-09-29T06:55:35.192281Z
2323,ESP32_IDM_003_L1,32.65,70.54,2.83,2025-09-29T06:54:35.049609Z
2322,ESP32_IDM_003_L1,32.65,70.75,2.85,2025-09-29T06:53:34.967185Z
2321,ESP32_IDM_003_L1,32.59,70.87,2.87,2025-09-29T06:52:34.882718Z
2320,ESP32_IDM_003_L1,32.49,71.14,2.86,2025-09-29T06:51:34.800995Z
2319,ESP32_IDM_003_L1,32.48,70.95,2.86,2025-09-29T06:50:34.743888Z
2318,ESP32_IDM_003_L1,32.62,70.71,2.81,2025-09-29T06:49:34.661985Z
2317,ESP32_IDM_003_L1,32.49,71.1,2.84,2025-09-29T06:48:34.578175Z
2316,ESP32_IDM_003_L1,32.52,70.83,2.82,2025-09-29T06:47:34.494615Z
2315,ESP32_IDM_003_L1,32.76,70.03,2.81,2025-09-29T06:46:34.409585Z
2314,ESP32_IDM_003_L1,32.84,69.96,2.82,2025-09-29T06:45:34.355575Z
2313,ESP32_IDM_003_L1,32.82,69.94,2.83,2025-09-29T06:44:34.271969Z
2312,ESP32_IDM_003_L1,32.8,69.89,2.85,2025-09-29T06:43:34.188486Z
2311,ESP32_IDM_003_L1,32.87,69.92,2.8,2025-09-29T06:42:34.106644Z
2310,ESP32_IDM_003_L1,32.91,69.85,2.83,2025-09-29T06:41:34.021325Z
2309,ESP32_IDM_003_L1,32.75,70.11,2.8,2025-09-29T06:40:33.966472Z
2308,ESP32_IDM_003_L1,32.84,70.05,2.76,2025-09-29T06:39:33.884516Z
2307,ESP32_IDM_003_L1,32.69,70.59,2.74,2025-09-29T06:38:33.799304Z
2306,ESP32_IDM_003_L1,32.55,70.97,2.78,2025-09-29T06:37:33.715685Z
2305,ESP32_IDM_003_L1,32.48,70.9,2.76,2025-09-29T06:36:33.633184Z
2304,ESP32_IDM_003_L1,32.64,70.55,2.8,2025-09-29T06:35:33.577818Z
2303,ESP32_IDM_003_L1,32.64,70.62,2.78,2025-09-29T06:34:33.493153Z
2302,ESP32_IDM_003_L1,32.59,70.67,2.81,2025-09-29T06:33:33.414271Z
2301,ESP32_IDM_003_L1,32.68,70.33,2.85,2025-09-29T06:32:33.32828Z
2300,ESP32_IDM_003_L1,32.64,70.7,2.84,2025-09-29T06:31:33.243067Z
2299,ESP32_IDM_003_L1,32.64,70.5,2.87,2025-09-29T06:30:33.189686Z
2298,ESP32_IDM_003_L1,32.59,70.81,2.86,2025-09-29T06:29:33.105729Z
2297,ESP32_IDM_003_L1,32.62,70.45,2.91,2025-09-29T06:28:33.020975Z
2296,ESP32_IDM_003_L1,32.71,70.71,2.86,2025-09-29T06:27:32.937248Z
2295,ESP32_IDM_003_L1,32.71,70.7,2.79,2025-09-29T06:26:32.855746Z
2294,ESP32_IDM_003_L1,32.83,70.42,2.82,2025-09-29T06:25:32.79979Z
2293,ESP32_IDM_003_L1,32.8,70.37,2.86,2025-09-29T06:24:32.715764Z
2292,ESP32_IDM_003_L1,32.8,70.34,2.82,2025-09-29T06:23:32.633895Z
2291,ESP32_IDM_003_L1,32.79,70.7,2.88,2025-09-29T06:22:32.549306Z
2290,ESP32_IDM_003_L1,32.61,71.07,2.85,2025-09-29T06:21:32.465002Z
2289,ESP32_IDM_003_L1,32.59,71.13,2.93,2025-09-29T06:20:32.411854Z
2288,ESP32_IDM_003_L1,32.64,70.89,2.89,2025-09-29T06:19:32.327244Z
2287,ESP32_IDM_003_L1,32.64,70.91,2.91,2025-09-29T06:18:32.242728Z
2286,ESP32_IDM_003_L1,32.64,70.75,2.9,2025-09-29T06:17:32.161119Z
2285,ESP32_IDM_003_L1,32.79,70.37,2.87,2025-09-29T06:16:32.077748Z
2284,ESP32_IDM_003_L1,32.9,70.21,2.94,2025-09-29T06:15:32.023114Z
2283,ESP32_IDM_003_L1,32.71,70.51,2.9,2025-09-29T06:14:31.938521Z
2282,ESP32_IDM_003_L1,32.75,70.49,2.85,2025-09-29T06:13:31.855001Z
2281,ESP32_IDM_003_L1,32.79,70.41,2.87,2025-09-29T06:12:31.773174Z
2280,ESP32_IDM_003_L1,32.59,70.95,2.87,2025-09-29T06:11:31.686642Z
2279,ESP32_IDM_003_L1,32.64,70.83,2.86,2025-09-29T06:10:31.633078Z
2278,ESP32_IDM_003_L1,32.66,70.83,2.86,2025-09-29T06:09:31.548918Z
2277,ESP32_IDM_003_L1,32.68,70.8,2.87,2025-09-29T06:08:31.465112Z
2276,ESP32_IDM_003_L1,32.68,70.94,2.87,2025-09-29T06:07:31.383681Z
2275,ESP32_IDM_003_L1,32.51,71.3,2.87,2025-09-29T06:06:31.298592Z
2274,ESP32_IDM_003_L1,32.41,71.45,2.93,2025-09-29T06:05:31.245048Z
2273,ESP32_IDM_003_L1,32.65,70.8,2.94,2025-09-29T06:04:31.161577Z
2272,ESP32_IDM_003_L1,32.9,70.31,2.9,2025-09-29T06:03:31.07703Z
2271,ESP32_IDM_003_L1,32.71,70.74,2.87,2025-09-29T06:02:30.991956Z
2270,ESP32_IDM_003_L1,32.64,71.02,2.79,2025-09-29T06:01:30.910563Z
2269,ESP32_IDM_003_L1,32.57,71.22,2.79,2025-09-29T06:00:30.854183Z
2268,ESP32_IDM_003_L1,32.48,71.36,2.79,2025-09-29T05:59:30.771044Z
2267,ESP32_IDM_003_L1,32.38,71.29,2.78,2025-09-29T05:58:30.688751Z
2266,ESP32_IDM_003_L1,32.52,70.95,2.75,2025-09-29T05:57:30.607048Z
2265,ESP32_IDM_003_L1,32.65,70.55,2.78,2025-09-29T05:56:30.520238Z
2264,ESP32_IDM_003_L1,32.76,70.56,2.74,2025-09-29T05:55:30.467225Z
2263,ESP32_IDM_003_L1,32.86,70.13,2.8,2025-09-29T05:54:30.382087Z
2262,ESP32_IDM_003_L1,32.86,70.17,2.85,2025-09-29T05:53:30.299231Z
2261,ESP32_IDM_003_L1,32.49,71.17,2.87,2025-09-29T05:52:30.213565Z
2260,ESP32_IDM_003_L1,32.52,71.45,2.86,2025-09-29T05:51:30.13237Z
2259,ESP32_IDM_003_L1,32.52,71.32,2.84,2025-09-29T05:50:30.076419Z
2258,ESP32_IDM_003_L1,32.54,71.08,2.77,2025-09-29T05:49:29.992409Z
2257,ESP32_IDM_003_L1,32.58,71.09,2.79,2025-09-29T05:48:29.910087Z
2256,ESP32_IDM_003_L1,32.54,71.28,2.77,2025-09-29T05:47:29.825805Z
2255,ESP32_IDM_003_L1,32.42,71.64,2.76,2025-09-29T05:46:29.742327Z
2254,ESP32_IDM_003_L1,32.38,71.63,2.83,2025-09-29T05:45:29.690502Z
2253,ESP32_IDM_003_L1,32.4,71.67,2.78,2025-09-29T05:44:29.603619Z
2252,ESP32_IDM_003_L1,32.42,71.55,2.74,2025-09-29T05:43:29.523188Z
2251,ESP32_IDM_003_L1,32.54,71.23,2.88,2025-09-29T05:42:29.437172Z
2250,ESP32_IDM_003_L1,32.52,70.93,2.86,2025-09-29T05:41:29.35268Z
2249,ESP32_IDM_003_L1,32.69,70.62,2.89,2025-09-29T05:40:29.297258Z
2248,ESP32_IDM_003_L1,32.66,70.77,2.84,2025-09-29T05:39:29.216006Z
2247,ESP32_IDM_003_L1,32.57,70.95,2.89,2025-09-29T05:38:29.130359Z
2246,ESP32_IDM_003_L1,32.61,70.91,2.89,2025-09-29T05:37:29.047682Z
2245,ESP32_IDM_003_L1,32.58,70.94,2.86,2025-09-29T05:36:28.963721Z
2244,ESP32_IDM_003_L1,32.52,71.13,2.83,2025-09-29T05:35:28.909018Z
2243,ESP32_IDM_003_L1,32.62,70.82,2.89,2025-09-29T05:34:28.825716Z
2242,ESP32_IDM_003_L1,32.65,70.73,2.8,2025-09-29T05:33:28.742245Z
2241,ESP32_IDM_003_L1,32.58,71.01,2.79,2025-09-29T05:32:28.659301Z
2240,ESP32_IDM_003_L1,32.48,71.26,2.79,2025-09-29T05:31:28.575071Z
2239,ESP32_IDM_003_L1,32.42,71.34,2.8,2025-09-29T05:30:28.519998Z
2238,ESP32_IDM_003_L1,32.55,70.89,2.84,2025-09-29T05:29:28.438163Z
2237,ESP32_IDM_003_L1,32.71,70.42,2.84,2025-09-29T05:28:28.352334Z
2236,ESP32_IDM_003_L1,32.8,70.56,2.87,2025-09-29T05:27:28.270096Z
2235,ESP32_IDM_003_L1,32.59,71.04,2.81,2025-09-29T05:26:28.18474Z
2234,ESP32_IDM_003_L1,32.59,71.05,2.86,2025-09-29T05:25:28.134274Z
2233,ESP32_IDM_003_L1,32.61,71.08,2.88,2025-09-29T05:24:28.047816Z
2232,ESP32_IDM_003_L1,32.58,71.14,2.83,2025-09-29T05:23:27.965379Z
2231,ESP32_IDM_003_L1,32.57,70.95,2.85,2025-09-29T05:22:27.879338Z
2230,ESP32_IDM_003_L1,32.68,70.86,2.85,2025-09-29T05:21:27.799575Z
2229,ESP32_IDM_003_L1,32.62,70.94,2.88,2025-09-29T05:20:27.74337Z
2228,ESP32_IDM_003_L1,32.61,71.08,2.89,2025-09-29T05:19:27.65849Z
2227,ESP32_IDM_003_L1,32.61,71.12,2.89,2025-09-29T05:18:27.574986Z
2226,ESP32_IDM_003_L1,32.57,71.29,2.86,2025-09-29T05:17:27.492836Z
2225,ESP32_IDM_003_L1,32.65,71.15,2.84,2025-09-29T05:16:27.40902Z
2224,ESP32_IDM_003_L1,32.59,71.29,2.83,2025-09-29T05:15:27.353829Z
2223,ESP32_IDM_003_L1,32.57,71.39,2.83,2025-09-29T05:14:27.271908Z
2222,ESP32_IDM_003_L1,32.49,71.52,2.84,2025-09-29T05:13:27.187325Z
2221,ESP32_IDM_003_L1,32.48,71.52,2.8,2025-09-29T05:12:27.101842Z
2220,ESP32_IDM_003_L1,32.47,71.51,2.78,2025-09-29T05:11:27.019506Z
2219,ESP32_IDM_003_L1,32.49,71.29,2.76,2025-09-29T05:10:26.964871Z
2218,ESP32_IDM_003_L1,32.55,71.29,2.79,2025-09-29T05:09:26.881028Z
2217,ESP32_IDM_003_L1,32.48,71.57,2.8,2025-09-29T05:08:26.796693Z
2216,ESP32_IDM_003_L1,32.38,71.71,2.79,2025-09-29T05:07:26.714872Z
2215,ESP32_IDM_003_L1,32.49,71.3,2.81,2025-09-29T05:06:26.629903Z
2214,ESP32_IDM_003_L1,32.58,71.36,2.78,2025-09-29T05:05:26.575237Z
2213,ESP32_IDM_003_L1,32.55,71.43,2.84,2025-09-29T05:04:26.49285Z
2212,ESP32_IDM_003_L1,32.62,71.24,2.85,2025-09-29T05:03:26.40811Z
2211,ESP32_IDM_003_L1,32.78,70.71,2.84,2025-09-29T05:02:26.323847Z
2210,ESP32_IDM_003_L1,33.02,69.95,2.88,2025-09-29T05:01:26.240625Z
2209,ESP32_IDM_003_L1,32.78,70.58,2.87,2025-09-29T05:00:26.18536Z
2208,ESP32_IDM_003_L1,32.8,70.59,2.85,2025-09-29T04:59:26.102852Z
2207,ESP32_IDM_003_L1,32.72,70.74,2.82,2025-09-29T04:58:26.018598Z
2206,ESP32_IDM_003_L1,32.64,70.79,2.81,2025-09-29T04:57:25.937126Z
2205,ESP32_IDM_003_L1,32.58,71.31,2.79,2025-09-29T04:56:25.850705Z
2204,ESP32_IDM_003_L1,32.62,71.15,2.82,2025-09-29T04:55:25.798775Z
2203,ESP32_IDM_003_L1,32.55,71.31,2.9,2025-09-29T04:54:25.713826Z
2202,ESP32_IDM_003_L1,32.64,71.33,2.88,2025-09-29T04:53:25.629123Z
2201,ESP32_IDM_003_L1,32.61,71.53,2.77,2025-09-29T04:52:25.545184Z
2200,ESP32_IDM_003_L1,32.59,71.47,2.73,2025-09-29T04:51:25.46337Z
2199,ESP32_IDM_003_L1,32.52,71.81,2.69,2025-09-29T04:50:25.405366Z
2198,ESP32_IDM_003_L1,32.58,71.47,2.71,2025-09-29T04:49:25.322859Z
2197,ESP32_IDM_003_L1,32.59,71.43,2.69,2025-09-29T04:48:25.240495Z
2196,ESP32_IDM_003_L1,32.73,71.13,2.7,2025-09-29T04:47:25.155644Z
2195,ESP32_IDM_003_L1,32.64,71.52,2.68,2025-09-29T04:46:25.070896Z
2194,ESP32_IDM_003_L1,32.58,71.76,2.79,2025-09-29T04:45:25.01804Z
2193,ESP32_IDM_003_L1,32.57,71.81,2.74,2025-09-29T04:44:24.93136Z
2192,ESP32_IDM_003_L1,32.51,72.33,2.66,2025-09-29T04:43:24.849503Z
2191,ESP32_IDM_003_L1,32.42,72.41,2.71,2025-09-29T04:42:24.765678Z
2190,ESP32_IDM_003_L1,32.34,72.59,2.72,2025-09-29T04:41:24.683082Z
2189,ESP32_IDM_003_L1,32.47,72.07,2.75,2025-09-29T04:40:24.625084Z
2188,ESP32_IDM_003_L1,32.49,72.1,2.8,2025-09-29T04:39:24.541991Z
2187,ESP32_IDM_003_L1,32.52,71.76,2.86,2025-09-29T04:38:24.460644Z
2186,ESP32_IDM_003_L1,32.47,72.14,2.82,2025-09-29T04:37:24.374582Z
2185,ESP32_IDM_003_L1,32.52,72.18,2.87,2025-09-29T04:36:24.290607Z
2184,ESP32_IDM_003_L1,32.41,72.37,2.87,2025-09-29T04:35:24.237508Z
2183,ESP32_IDM_003_L1,32.34,72.55,2.81,2025-09-29T04:34:24.162743Z
2182,ESP32_IDM_003_L1,32.28,72.46,2.76,2025-09-29T04:33:24.068535Z
2181,ESP32_IDM_003_L1,32.27,72.55,2.76,2025-09-29T04:32:23.98711Z
2180,ESP32_IDM_003_L1,32.35,72.03,2.86,2025-09-29T04:31:23.902018Z
2179,ESP32_IDM_003_L1,32.52,71.63,2.86,2025-09-29T04:30:23.844519Z
2178,ESP32_IDM_003_L1,32.52,72.0,2.84,2025-09-29T04:29:23.764019Z
2177,ESP32_IDM_003_L1,32.41,72.13,2.82,2025-09-29T04:28:23.679387Z
2176,ESP32_IDM_003_L1,32.41,72.02,2.88,2025-09-29T04:27:23.594725Z
2175,ESP32_IDM_003_L1,32.41,72.21,2.78,2025-09-29T04:26:23.517236Z
2174,ESP32_IDM_003_L1,32.47,72.07,2.77,2025-09-29T04:25:23.456438Z
2173,ESP32_IDM_003_L1,32.48,72.26,2.75,2025-09-29T04:24:23.371895Z
2172,ESP32_IDM_003_L1,32.62,71.43,2.79,2025-09-29T04:23:23.288247Z
2171,ESP32_IDM_003_L1,32.59,71.75,2.75,2025-09-29T04:22:23.205826Z
2170,ESP32_IDM_003_L1,32.48,71.95,2.79,2025-09-29T04:21:23.121192Z
2169,ESP32_IDM_003_L1,32.37,72.42,2.76,2025-09-29T04:20:23.064986Z
2168,ESP32_IDM_003_L1,32.41,71.96,2.78,2025-09-29T04:19:22.983489Z
2167,ESP32_IDM_003_L1,32.47,72.0,2.86,2025-09-29T04:18:22.898337Z
2166,ESP32_IDM_003_L1,32.51,71.85,2.91,2025-09-29T04:17:22.813804Z
2165,ESP32_IDM_003_L1,32.49,71.97,2.84,2025-09-29T04:16:22.732615Z
2164,ESP32_IDM_003_L1,32.42,72.04,2.86,2025-09-29T04:15:22.675889Z
2163,ESP32_IDM_003_L1,32.44,71.95,2.89,2025-09-29T04:14:22.591155Z
2162,ESP32_IDM_003_L1,32.48,72.03,2.84,2025-09-29T04:13:22.508586Z
2161,ESP32_IDM_003_L1,32.57,71.79,2.85,2025-09-29T04:12:22.425905Z
2160,ESP32_IDM_003_L1,32.55,71.89,2.84,2025-09-29T04:11:22.341674Z
2159,ESP32_IDM_003_L1,32.52,72.2,2.79,2025-09-29T04:10:22.286791Z
2158,ESP32_IDM_003_L1,32.51,72.22,2.81,2025-09-29T04:09:22.203173Z
2157,ESP32_IDM_003_L1,32.49,72.23,2.77,2025-09-29T04:08:22.11756Z
2156,ESP32_IDM_003_L1,32.49,72.16,2.83,2025-09-29T04:07:22.03477Z
2155,ESP32_IDM_003_L1,32.62,72.16,2.82,2025-09-29T04:06:21.952549Z
2154,ESP32_IDM_003_L1,32.55,72.04,2.8,2025-09-29T04:05:21.895617Z
2153,ESP32_IDM_003_L1,32.66,71.81,2.79,2025-09-29T04:04:21.810697Z
2152,ESP32_IDM_003_L1,32.69,71.91,2.79,2025-09-29T04:03:21.729407Z
2151,ESP32_IDM_003_L1,32.54,72.38,2.81,2025-09-29T04:02:21.645176Z
2150,ESP32_IDM_003_L1,32.55,72.28,2.76,2025-09-29T04:01:21.561766Z
2149,ESP32_IDM_003_L1,32.54,72.26,2.75,2025-09-29T04:00:21.509041Z
2148,ESP32_IDM_003_L1,32.54,72.47,2.76,2025-09-29T03:59:21.42275Z
2147,ESP32_IDM_003_L1,32.62,72.08,2.75,2025-09-29T03:58:21.338121Z
2146,ESP32_IDM_003_L1,32.66,72.1,2.79,2025-09-29T03:57:21.256787Z
2145,ESP32_IDM_003_L1,32.57,72.3,2.69,2025-09-29T03:56:21.17416Z
2144,ESP32_IDM_003_L1,32.47,72.74,2.72,2025-09-29T03:55:21.114982Z
2143,ESP32_IDM_003_L1,32.52,72.77,2.77,2025-09-29T03:54:21.032897Z
2142,ESP32_IDM_003_L1,32.47,73.17,2.75,2025-09-29T03:53:20.953667Z
2141,ESP32_IDM_003_L1,32.44,72.96,2.7,2025-09-29T03:52:20.864144Z
2140,ESP32_IDM_003_L1,32.44,72.97,2.72,2025-09-29T03:51:20.780864Z
2139,ESP32_IDM_003_L1,32.51,72.7,2.74,2025-09-29T03:50:20.725072Z
2138,ESP32_IDM_003_L1,32.54,72.62,2.73,2025-09-29T03:49:20.642182Z
2137,ESP32_IDM_003_L1,32.55,72.9,2.78,2025-09-29T03:48:20.557742Z
2136,ESP32_IDM_003_L1,32.57,72.74,2.82,2025-09-29T03:47:20.476593Z
2135,ESP32_IDM_003_L1,32.59,72.79,2.78,2025-09-29T03:46:20.39052Z
2134,ESP32_IDM_003_L1,32.57,72.88,2.77,2025-09-29T03:45:20.335747Z
2133,ESP32_IDM_003_L1,32.59,72.72,2.72,2025-09-29T03:44:20.252146Z
2132,ESP32_IDM_003_L1,32.59,72.76,2.72,2025-09-29T03:43:20.168478Z
2131,ESP32_IDM_003_L1,32.57,72.99,2.69,2025-09-29T03:42:20.084388Z
2130,ESP32_IDM_003_L1,32.48,73.28,2.73,2025-09-29T03:41:20.000569Z
2129,ESP32_IDM_003_L1,32.34,73.77,2.71,2025-09-29T03:40:19.944706Z
2128,ESP32_IDM_003_L1,32.4,73.55,2.68,2025-09-29T03:39:19.863266Z
2127,ESP32_IDM_003_L1,32.47,73.48,2.71,2025-09-29T03:38:19.779375Z
2126,ESP32_IDM_003_L1,32.41,73.52,2.69,2025-09-29T03:37:19.69572Z
2125,ESP32_IDM_003_L1,32.45,73.65,2.68,2025-09-29T03:36:19.610287Z
2124,ESP32_IDM_003_L1,32.49,73.6,2.75,2025-09-29T03:35:19.556747Z
2123,ESP32_IDM_003_L1,32.57,73.03,2.7,2025-09-29T03:34:19.471375Z
2122,ESP32_IDM_003_L1,32.47,73.37,2.72,2025-09-29T03:33:19.388856Z
2121,ESP32_IDM_003_L1,32.59,72.89,2.74,2025-09-29T03:32:19.304043Z
2120,ESP32_IDM_003_L1,32.55,73.12,2.78,2025-09-29T03:31:19.222274Z
2119,ESP32_IDM_003_L1,32.52,73.2,2.77,2025-09-29T03:30:19.165846Z
2118,ESP32_IDM_003_L1,32.61,73.1,2.79,2025-09-29T03:29:19.082797Z
2117,ESP32_IDM_003_L1,32.54,73.34,2.79,2025-09-29T03:28:18.99962Z
2116,ESP32_IDM_003_L1,32.51,73.4,2.8,2025-09-29T03:27:18.914446Z
2115,ESP32_IDM_003_L1,32.51,73.37,2.81,2025-09-29T03:26:18.831256Z
2114,ESP32_IDM_003_L1,32.48,73.32,2.88,2025-09-29T03:25:18.778215Z
2113,ESP32_IDM_003_L1,32.52,73.29,2.81,2025-09-29T03:24:18.690978Z
2112,ESP32_IDM_003_L1,32.55,73.08,2.79,2025-09-29T03:23:18.609272Z
2111,ESP32_IDM_003_L1,32.58,73.11,2.74,2025-09-29T03:22:18.524557Z
2110,ESP32_IDM_003_L1,32.54,73.1,2.79,2025-09-29T03:21:18.442965Z
2109,ESP32_IDM_003_L1,32.62,72.89,2.83,2025-09-29T03:20:18.38528Z
2108,ESP32_IDM_003_L1,32.61,72.96,2.86,2025-09-29T03:19:18.303613Z
2107,ESP32_IDM_003_L1,32.55,73.09,2.83,2025-09-29T03:18:18.218751Z
2106,ESP32_IDM_003_L1,32.55,73.14,2.82,2025-09-29T03:17:18.134175Z
2105,ESP32_IDM_003_L1,32.54,73.52,2.84,2025-09-29T03:16:18.051166Z
2104,ESP32_IDM_003_L1,32.51,73.27,2.82,2025-09-29T03:15:17.996253Z
2103,ESP32_IDM_003_L1,32.51,73.22,2.8,2025-09-29T03:14:17.910597Z
2102,ESP32_IDM_003_L1,32.51,73.31,2.79,2025-09-29T03:13:17.829243Z
2101,ESP32_IDM_003_L1,32.54,73.16,2.77,2025-09-29T03:12:17.745662Z
2100,ESP32_IDM_003_L1,32.55,73.15,2.82,2025-09-29T03:11:17.66068Z
2099,ESP32_IDM_003_L1,32.57,73.14,2.74,2025-09-29T03:10:17.605482Z
2098,ESP32_IDM_003_L1,32.61,73.04,2.78,2025-09-29T03:09:17.522654Z
2097,ESP32_IDM_003_L1,32.59,73.03,2.79,2025-09-29T03:08:17.437563Z
2096,ESP32_IDM_003_L1,32.58,73.14,2.75,2025-09-29T03:07:17.35525Z
2095,ESP32_IDM_003_L1,32.52,73.4,2.74,2025-09-29T03:06:17.271139Z
2094,ESP32_IDM_003_L1,32.48,73.5,2.73,2025-09-29T03:05:17.226627Z
2093,ESP32_IDM_003_L1,32.47,73.51,2.73,2025-09-29T03:04:17.131018Z
2092,ESP32_IDM_003_L1,32.47,73.57,2.73,2025-09-29T03:03:17.047974Z
2091,ESP32_IDM_003_L1,32.44,73.65,2.71,2025-09-29T03:02:16.965539Z
2090,ESP32_IDM_003_L1,32.35,74.02,2.72,2025-09-29T03:01:16.880827Z
2089,ESP32_IDM_003_L1,32.33,74.01,2.65,2025-09-29T03:00:16.826356Z
2088,ESP32_IDM_003_L1,32.41,73.55,2.67,2025-09-29T02:59:16.742481Z
2087,ESP32_IDM_003_L1,32.42,73.46,2.7,2025-09-29T02:58:16.656519Z
2086,ESP32_IDM_003_L1,32.37,73.63,2.73,2025-09-29T02:57:16.573947Z
2085,ESP32_IDM_003_L1,32.4,73.71,2.72,2025-09-29T02:56:16.49239Z
2084,ESP32_IDM_003_L1,32.41,73.53,2.8,2025-09-29T02:55:16.435092Z
2083,ESP32_IDM_003_L1,32.49,73.17,2.72,2025-09-29T02:54:16.351257Z
2082,ESP32_IDM_003_L1,32.42,73.46,2.73,2025-09-29T02:53:16.270132Z
2081,ESP32_IDM_003_L1,32.34,73.67,2.74,2025-09-29T02:52:16.183172Z
2080,ESP32_IDM_003_L1,32.44,73.33,2.74,2025-09-29T02:51:16.100156Z
2079,ESP32_IDM_003_L1,32.49,73.07,2.74,2025-09-29T02:50:16.046313Z
2078,ESP32_IDM_003_L1,32.52,72.98,2.8,2025-09-29T02:49:15.962439Z
2077,ESP32_IDM_003_L1,32.49,73.06,2.79,2025-09-29T02:48:15.877179Z
2076,ESP32_IDM_003_L1,32.47,73.13,2.8,2025-09-29T02:47:15.794201Z
2075,ESP32_IDM_003_L1,32.45,73.15,2.73,2025-09-29T02:46:15.711429Z
2074,ESP32_IDM_003_L1,32.41,73.32,2.71,2025-09-29T02:45:15.655087Z
2073,ESP32_IDM_003_L1,32.44,73.19,2.76,2025-09-29T02:44:15.571238Z
2072,ESP32_IDM_003_L1,32.49,73.03,2.73,2025-09-29T02:43:15.488803Z
2071,ESP32_IDM_003_L1,32.48,73.08,2.79,2025-09-29T02:42:15.403778Z
2070,ESP32_IDM_003_L1,32.42,73.21,2.78,2025-09-29T02:41:15.320584Z
2069,ESP32_IDM_003_L1,32.4,73.31,2.8,2025-09-29T02:40:15.265836Z
2068,ESP32_IDM_003_L1,32.4,73.3,2.84,2025-09-29T02:39:15.180985Z
2067,ESP32_IDM_003_L1,32.38,73.39,2.78,2025-09-29T02:38:15.097666Z
2066,ESP32_IDM_003_L1,32.35,73.45,2.77,2025-09-29T02:37:15.01547Z
2065,ESP32_IDM_003_L1,32.28,73.64,2.77,2025-09-29T02:36:14.931409Z
2064,ESP32_IDM_003_L1,32.27,73.74,2.8,2025-09-29T02:35:14.874548Z
2063,ESP32_IDM_003_L1,32.27,73.8,2.8,2025-09-29T02:34:14.791143Z
2062,ESP32_IDM_003_L1,32.28,73.73,2.81,2025-09-29T02:33:14.707814Z
2061,ESP32_IDM_003_L1,32.35,73.6,2.87,2025-09-29T02:32:14.622961Z
2060,ESP32_IDM_003_L1,32.34,73.55,2.89,2025-09-29T02:31:14.541231Z
2059,ESP32_IDM_003_L1,32.44,73.27,2.83,2025-09-29T02:30:14.484569Z
2058,ESP32_IDM_003_L1,32.54,73.0,2.83,2025-09-29T02:29:14.401042Z
2057,ESP32_IDM_003_L1,32.48,73.12,2.79,2025-09-29T02:28:14.317451Z
2056,ESP32_IDM_003_L1,32.41,73.33,2.8,2025-09-29T02:27:14.23707Z
2055,ESP32_IDM_003_L1,32.35,73.54,2.8,2025-09-29T02:26:14.150106Z
2054,ESP32_IDM_003_L1,32.38,73.49,2.72,2025-09-29T02:25:14.098754Z
2053,ESP32_IDM_003_L1,32.42,73.29,2.79,2025-09-29T02:24:14.012557Z
2052,ESP32_IDM_003_L1,32.44,73.11,2.78,2025-09-29T02:23:13.927123Z
2051,ESP32_IDM_003_L1,32.58,72.61,2.8,2025-09-29T02:22:13.843332Z
2050,ESP32_IDM_003_L1,32.8,71.84,2.76,2025-09-29T02:21:13.764116Z
2049,ESP32_IDM_003_L1,32.69,72.24,2.73,2025-09-29T02:20:13.704571Z
2048,ESP32_IDM_003_L1,32.8,71.87,2.79,2025-09-29T02:19:13.620755Z
2047,ESP32_IDM_003_L1,32.8,71.89,2.76,2025-09-29T02:18:13.537033Z
2046,ESP32_IDM_003_L1,32.78,71.97,2.79,2025-09-29T02:17:13.455706Z
2045,ESP32_IDM_003_L1,32.83,71.89,2.85,2025-09-29T02:16:13.36973Z
2044,ESP32_IDM_003_L1,32.79,71.95,2.82,2025-09-29T02:15:13.316569Z
2043,ESP32_IDM_003_L1,32.76,71.92,2.8,2025-09-29T02:14:13.231633Z
2042,ESP32_IDM_003_L1,32.72,72.14,2.8,2025-09-29T02:13:13.147268Z
2041,ESP32_IDM_003_L1,32.73,72.19,2.78,2025-09-29T02:12:13.063521Z
2040,ESP32_IDM_003_L1,32.68,72.33,2.82,2025-09-29T02:11:12.98172Z
2039,ESP32_IDM_003_L1,32.54,72.81,2.88,2025-09-29T02:10:12.923709Z
2038,ESP32_IDM_003_L1,32.59,72.64,2.91,2025-09-29T02:09:12.841101Z
2037,ESP32_IDM_003_L1,32.58,72.69,2.89,2025-09-29T02:08:12.759005Z
2036,ESP32_IDM_003_L1,32.55,72.72,2.91,2025-09-29T02:07:12.67439Z
2035,ESP32_IDM_003_L1,32.57,72.55,2.87,2025-09-29T02:06:12.589107Z
2034,ESP32_IDM_003_L1,32.58,72.45,2.84,2025-09-29T02:05:12.536582Z
2033,ESP32_IDM_003_L1,32.62,72.44,2.87,2025-09-29T02:04:12.452132Z
2032,ESP32_IDM_003_L1,32.54,72.64,2.86,2025-09-29T02:03:12.366834Z
2031,ESP32_IDM_003_L1,32.52,72.62,2.83,2025-09-29T02:02:12.284995Z
2030,ESP32_IDM_003_L1,32.55,72.56,2.83,2025-09-29T02:01:12.201879Z
2029,ESP32_IDM_003_L1,32.55,72.58,2.9,2025-09-29T02:00:12.144061Z
2028,ESP32_IDM_003_L1,32.52,72.7,2.83,2025-09-29T01:59:12.062228Z
2027,ESP32_IDM_003_L1,32.49,72.67,2.91,2025-09-29T01:58:11.978079Z
2026,ESP32_IDM_003_L1,32.44,72.93,2.84,2025-09-29T01:57:11.893006Z
2025,ESP32_IDM_003_L1,32.4,73.01,2.82,2025-09-29T01:56:11.80949Z
2024,ESP32_IDM_003_L1,32.35,73.15,2.79,2025-09-29T01:55:11.754835Z
2023,ESP32_IDM_003_L1,32.41,73.01,2.78,2025-09-29T01:54:11.669751Z
2022,ESP32_IDM_003_L1,32.34,73.18,2.78,2025-09-29T01:53:11.587137Z
2021,ESP32_IDM_003_L1,32.33,73.29,2.81,2025-09-29T01:52:11.505086Z
2020,ESP32_IDM_003_L1,32.38,72.92,2.81,2025-09-29T01:51:11.421259Z
2019,ESP32_IDM_003_L1,32.57,72.29,2.79,2025-09-29T01:50:11.364151Z
2018,ESP32_IDM_003_L1,32.59,72.25,2.83,2025-09-29T01:49:11.282452Z
2017,ESP32_IDM_003_L1,32.59,72.28,2.79,2025-09-29T01:48:11.197532Z
2016,ESP32_IDM_003_L1,32.59,72.42,2.79,2025-09-29T01:47:11.113706Z
2015,ESP32_IDM_003_L1,32.47,72.74,2.8,2025-09-29T01:46:11.030375Z
2014,ESP32_IDM_003_L1,32.45,72.7,2.81,2025-09-29T01:45:10.976169Z
2013,ESP32_IDM_003_L1,32.38,72.82,2.77,2025-09-29T01:44:10.890178Z
2012,ESP32_IDM_003_L1,32.48,72.74,2.87,2025-09-29T01:43:10.808117Z
2011,ESP32_IDM_003_L1,32.52,72.49,2.91,2025-09-29T01:42:10.72535Z
2010,ESP32_IDM_003_L1,32.49,72.48,2.89,2025-09-29T01:41:10.641056Z
2009,ESP32_IDM_003_L1,32.58,72.19,2.87,2025-09-29T01:40:10.583647Z
2008,ESP32_IDM_003_L1,32.64,72.2,2.85,2025-09-29T01:39:10.505543Z
2007,ESP32_IDM_003_L1,32.51,72.75,2.83,2025-09-29T01:38:10.417793Z
2006,ESP32_IDM_003_L1,32.57,72.42,2.78,2025-09-29T01:37:10.333429Z
2005,ESP32_IDM_003_L1,32.45,72.76,2.81,2025-09-29T01:36:10.250892Z
2004,ESP32_IDM_003_L1,32.45,72.71,2.76,2025-09-29T01:35:10.195198Z
2003,ESP32_IDM_003_L1,32.37,72.95,2.75,2025-09-29T01:34:10.10977Z
2002,ESP32_IDM_003_L1,32.48,72.7,2.81,2025-09-29T01:33:10.028426Z
2001,ESP32_IDM_003_L1,32.45,72.74,2.8,2025-09-29T01:32:09.943643Z
2000,ESP32_IDM_003_L1,32.4,73.12,2.82,2025-09-29T01:31:09.860658Z
1999,ESP32_IDM_003_L1,32.37,73.34,2.82,2025-09-29T01:30:09.806085Z
1998,ESP32_IDM_003_L1,32.33,73.57,2.85,2025-09-29T01:29:09.721196Z
1997,ESP32_IDM_003_L1,32.25,73.62,2.86,2025-09-29T01:28:09.637156Z
1996,ESP32_IDM_003_L1,32.33,73.44,2.84,2025-09-29T01:27:09.55387Z
1995,ESP32_IDM_003_L1,32.27,73.08,2.78,2025-09-29T01:26:09.470563Z
1994,ESP32_IDM_003_L1,32.35,73.24,2.82,2025-09-29T01:25:09.415201Z
1993,ESP32_IDM_003_L1,32.41,73.0,2.77,2025-09-29T01:24:09.331366Z
1992,ESP32_IDM_003_L1,32.41,72.85,2.8,2025-09-29T01:23:09.280268Z
1991,ESP32_IDM_003_L1,32.42,72.8,2.75,2025-09-29T01:22:09.162782Z
1990,ESP32_IDM_003_L1,32.41,72.82,2.78,2025-09-29T01:21:09.080569Z
1989,ESP32_IDM_003_L1,32.47,72.7,2.82,2025-09-29T01:20:09.024862Z
1988,ESP32_IDM_003_L1,32.4,72.87,2.81,2025-09-29T01:19:08.941585Z
1987,ESP32_IDM_003_L1,32.4,73.0,2.8,2025-09-29T01:18:08.856489Z
1986,ESP32_IDM_003_L1,32.33,73.06,2.76,2025-09-29T01:17:08.775134Z
1985,ESP32_IDM_003_L1,32.28,73.28,2.78,2025-09-29T01:16:08.690318Z
1984,ESP32_IDM_003_L1,32.28,73.23,2.8,2025-09-29T01:15:08.634198Z
1983,ESP32_IDM_003_L1,32.23,73.53,2.85,2025-09-29T01:14:08.551993Z
1982,ESP32_IDM_003_L1,32.24,73.51,2.83,2025-09-29T01:13:08.46625Z
1981,ESP32_IDM_003_L1,32.24,73.43,2.86,2025-09-29T01:12:08.382841Z
1980,ESP32_IDM_003_L1,32.23,73.48,2.81,2025-09-29T01:11:08.299862Z
1979,ESP32_IDM_003_L1,32.31,73.24,2.82,2025-09-29T01:10:08.243338Z
1978,ESP32_IDM_003_L1,32.49,72.56,2.82,2025-09-29T01:09:08.161793Z
1977,ESP32_IDM_003_L1,32.41,73.02,2.9,2025-09-29T01:08:08.075886Z
1976,ESP32_IDM_003_L1,32.42,72.85,2.82,2025-09-29T01:07:07.994563Z
1975,ESP32_IDM_003_L1,32.37,73.34,2.8,2025-09-29T01:06:07.908531Z
1974,ESP32_IDM_003_L1,32.19,73.46,2.81,2025-09-29T01:05:07.855369Z
1973,ESP32_IDM_003_L1,32.09,74.05,2.82,2025-09-29T01:04:07.771093Z
1972,ESP32_IDM_003_L1,32.14,73.71,2.83,2025-09-29T01:03:07.687808Z
1971,ESP32_IDM_003_L1,32.14,73.81,2.82,2025-09-29T01:02:07.603456Z
1970,ESP32_IDM_003_L1,32.19,73.82,2.84,2025-09-29T01:01:07.520182Z
1969,ESP32_IDM_003_L1,32.2,73.64,2.84,2025-09-29T01:00:07.46355Z
1968,ESP32_IDM_003_L1,32.16,73.98,2.86,2025-09-29T00:59:07.381511Z
1967,ESP32_IDM_003_L1,32.23,73.47,2.83,2025-09-29T00:58:07.298233Z
1966,ESP32_IDM_003_L1,32.35,73.23,2.84,2025-09-29T00:57:07.213624Z
1965,ESP32_IDM_003_L1,32.34,73.1,2.89,2025-09-29T00:56:07.129169Z
1964,ESP32_IDM_003_L1,32.37,73.11,2.86,2025-09-29T00:55:07.076533Z
1963,ESP32_IDM_003_L1,32.27,73.46,2.87,2025-09-29T00:54:06.990004Z
1962,ESP32_IDM_003_L1,32.24,73.42,2.85,2025-09-29T00:53:06.907436Z
1961,ESP32_IDM_003_L1,32.17,73.71,2.88,2025-09-29T00:52:06.823958Z
1960,ESP32_IDM_003_L1,32.13,73.91,2.87,2025-09-29T00:51:06.741177Z
1959,ESP32_IDM_003_L1,32.12,73.96,2.8,2025-09-29T00:50:06.686456Z
1958,ESP32_IDM_003_L1,32.19,73.93,2.8,2025-09-29T00:49:06.601238Z
1957,ESP32_IDM_003_L1,32.23,73.83,2.79,2025-09-29T00:48:06.518139Z
1956,ESP32_IDM_003_L1,32.17,73.95,2.81,2025-09-29T00:47:06.433666Z
1955,ESP32_IDM_003_L1,31.99,74.35,2.79,2025-09-29T00:46:06.351052Z
1954,ESP32_IDM_003_L1,31.96,74.41,2.77,2025-09-29T00:45:06.294713Z
1953,ESP32_IDM_003_L1,32.02,74.23,2.8,2025-09-29T00:44:06.20934Z
1952,ESP32_IDM_003_L1,32.21,73.47,2.81,2025-09-29T00:43:06.126628Z
1951,ESP32_IDM_003_L1,32.24,73.56,2.75,2025-09-29T00:42:06.045168Z
1950,ESP32_IDM_003_L1,32.21,73.64,2.77,2025-09-29T00:41:05.960303Z
1949,ESP32_IDM_003_L1,32.2,73.62,2.78,2025-09-29T00:40:05.903414Z
1948,ESP32_IDM_003_L1,32.17,73.82,2.78,2025-09-29T00:39:05.823791Z
1947,ESP32_IDM_003_L1,32.23,73.55,2.8,2025-09-29T00:38:05.73671Z
1946,ESP32_IDM_003_L1,32.33,73.23,2.84,2025-09-29T00:37:05.652229Z
1945,ESP32_IDM_003_L1,32.33,73.45,2.82,2025-09-29T00:36:05.569647Z
1944,ESP32_IDM_003_L1,32.24,73.53,2.81,2025-09-29T00:35:05.51362Z
1943,ESP32_IDM_003_L1,32.16,73.77,2.77,2025-09-29T00:34:05.430185Z
1942,ESP32_IDM_003_L1,32.09,74.0,2.75,2025-09-29T00:33:05.34742Z
1941,ESP32_IDM_003_L1,32.13,74.03,2.78,2025-09-29T00:32:05.264626Z
1940,ESP32_IDM_003_L1,32.28,73.47,2.74,2025-09-29T00:31:05.17928Z
1939,ESP32_IDM_003_L1,32.2,73.77,2.78,2025-09-29T00:30:05.124349Z
1938,ESP32_IDM_003_L1,32.2,73.73,2.74,2025-09-29T00:29:05.043287Z
1937,ESP32_IDM_003_L1,32.16,73.94,2.75,2025-09-29T00:28:04.956504Z
1936,ESP32_IDM_003_L1,32.0,74.22,2.73,2025-09-29T00:27:04.872711Z
1935,ESP32_IDM_003_L1,32.06,74.25,2.74,2025-09-29T00:26:04.789485Z
1934,ESP32_IDM_003_L1,32.17,73.87,2.77,2025-09-29T00:25:04.733743Z
1933,ESP32_IDM_003_L1,32.12,74.12,2.72,2025-09-29T00:24:04.649056Z
1932,ESP32_IDM_003_L1,32.17,73.78,2.71,2025-09-29T00:23:04.569843Z
1931,ESP32_IDM_003_L1,32.25,73.47,2.78,2025-09-29T00:22:04.483479Z
1930,ESP32_IDM_003_L1,32.41,72.94,2.74,2025-09-29T00:21:04.399047Z
1929,ESP32_IDM_003_L1,32.42,72.87,2.7,2025-09-29T00:20:04.345345Z
1928,ESP32_IDM_003_L1,32.4,73.14,2.75,2025-09-29T00:19:04.261552Z
1927,ESP32_IDM_003_L1,32.41,73.03,2.75,2025-09-29T00:18:04.175988Z
1926,ESP32_IDM_003_L1,32.4,73.04,2.79,2025-09-29T00:17:04.093541Z
1925,ESP32_IDM_003_L1,32.38,72.99,2.8,2025-09-29T00:16:04.011172Z
1924,ESP32_IDM_003_L1,32.37,73.06,2.82,2025-09-29T00:15:03.952961Z
1923,ESP32_IDM_003_L1,32.42,72.98,2.82,2025-09-29T00:14:03.869165Z
1922,ESP32_IDM_003_L1,32.38,73.03,2.76,2025-09-29T00:13:03.788354Z
1921,ESP32_IDM_003_L1,32.41,72.95,2.78,2025-09-29T00:12:03.702594Z
1920,ESP32_IDM_003_L1,32.38,72.93,2.78,2025-09-29T00:11:03.618763Z
1919,ESP32_IDM_003_L1,32.45,72.85,2.74,2025-09-29T00:10:03.564723Z
1918,ESP32_IDM_003_L1,32.38,73.13,2.76,2025-09-29T00:09:03.479919Z
1917,ESP32_IDM_003_L1,32.28,73.42,2.73,2025-09-29T00:08:03.395757Z
1916,ESP32_IDM_003_L1,32.24,73.47,2.73,2025-09-29T00:07:03.315731Z
1915,ESP32_IDM_003_L1,32.27,73.54,2.75,2025-09-29T00:06:03.230188Z
1914,ESP32_IDM_003_L1,32.28,73.35,2.77,2025-09-29T00:05:03.173164Z
1913,ESP32_IDM_003_L1,32.23,73.49,2.83,2025-09-29T00:04:03.093822Z
1912,ESP32_IDM_003_L1,32.4,72.92,2.8,2025-09-29T00:03:03.008693Z
1911,ESP32_IDM_003_L1,32.42,72.87,2.78,2025-09-29T00:02:02.922228Z
1910,ESP32_IDM_003_L1,32.38,72.97,2.8,2025-09-29T00:01:02.839565Z
1909,ESP32_IDM_003_L1,32.4,73.0,2.78,2025-09-29T00:00:02.784533Z
1908,ESP32_IDM_003_L1,32.4,72.92,2.81,2025-09-28T23:59:02.700048Z
1907,ESP32_IDM_003_L1,32.37,73.06,2.74,2025-09-28T23:58:02.616123Z
1906,ESP32_IDM_003_L1,32.35,73.22,2.78,2025-09-28T23:57:02.534447Z
1905,ESP32_IDM_003_L1,32.35,73.12,2.79,2025-09-28T23:56:02.449023Z
1904,ESP32_IDM_003_L1,32.33,73.21,2.86,2025-09-28T23:55:02.394176Z
1903,ESP32_IDM_003_L1,32.35,73.09,2.77,2025-09-28T23:54:02.312167Z
1902,ESP32_IDM_003_L1,32.38,73.13,2.78,2025-09-28T23:53:02.226856Z
1901,ESP32_IDM_003_L1,32.35,73.29,2.8,2025-09-28T23:52:02.14205Z
1900,ESP32_IDM_003_L1,32.27,73.54,2.75,2025-09-28T23:51:02.059428Z
1899,ESP32_IDM_003_L1,32.24,73.68,2.75,2025-09-28T23:50:02.003567Z
1898,ESP32_IDM_003_L1,32.3,73.5,2.77,2025-09-28T23:49:01.920056Z
1897,ESP32_IDM_003_L1,32.34,73.37,2.76,2025-09-28T23:48:01.837065Z
1896,ESP32_IDM_003_L1,32.41,73.03,2.78,2025-09-28T23:47:01.754499Z
1895,ESP32_IDM_003_L1,32.42,73.15,2.77,2025-09-28T23:46:01.669505Z
1894,ESP32_IDM_003_L1,32.23,73.78,2.69,2025-09-28T23:45:01.615189Z
1893,ESP32_IDM_003_L1,32.19,73.89,2.65,2025-09-28T23:44:01.531304Z
1892,ESP32_IDM_003_L1,32.24,73.69,2.67,2025-09-28T23:43:01.446415Z
1891,ESP32_IDM_003_L1,32.19,73.83,2.69,2025-09-28T23:42:01.36254Z
1890,ESP32_IDM_003_L1,32.3,73.4,2.68,2025-09-28T23:41:01.280601Z
1889,ESP32_IDM_003_L1,32.49,72.82,2.71,2025-09-28T23:40:01.223323Z
1888,ESP32_IDM_003_L1,32.38,73.06,2.7,2025-09-28T23:39:01.139632Z
1887,ESP32_IDM_003_L1,32.47,72.57,2.7,2025-09-28T23:38:01.057003Z
1886,ESP32_IDM_003_L1,32.51,72.75,2.7,2025-09-28T23:37:00.972448Z
1885,ESP32_IDM_003_L1,32.48,72.84,2.74,2025-09-28T23:36:00.888093Z
1884,ESP32_IDM_003_L1,32.4,73.1,2.73,2025-09-28T23:35:00.834297Z
1883,ESP32_IDM_003_L1,32.34,73.35,2.73,2025-09-28T23:34:00.749403Z
1882,ESP32_IDM_003_L1,32.27,73.69,2.74,2025-09-28T23:33:00.666027Z
1881,ESP32_IDM_003_L1,32.1,74.09,2.74,2025-09-28T23:32:00.581853Z
1880,ESP32_IDM_003_L1,32.16,73.88,2.75,2025-09-28T23:31:00.500979Z
1879,ESP32_IDM_003_L1,32.27,73.49,2.71,2025-09-28T23:30:00.443144Z
1878,ESP32_IDM_003_L1,32.35,73.22,2.73,2025-09-28T23:29:00.359161Z
1877,ESP32_IDM_003_L1,32.45,72.93,2.75,2025-09-28T23:28:00.277147Z
1876,ESP32_IDM_003_L1,32.37,73.22,2.79,2025-09-28T23:27:00.193151Z
1875,ESP32_IDM_003_L1,32.37,73.14,2.8,2025-09-28T23:26:00.108113Z
1874,ESP32_IDM_003_L1,32.41,73.12,2.77,2025-09-28T23:25:00.054374Z
1873,ESP32_IDM_003_L1,32.31,73.43,2.75,2025-09-28T23:23:59.969744Z
1872,ESP32_IDM_003_L1,32.33,73.38,2.72,2025-09-28T23:22:59.885392Z
1871,ESP32_IDM_003_L1,32.3,73.55,2.76,2025-09-28T23:21:59.803744Z
1870,ESP32_IDM_003_L1,32.28,73.63,2.78,2025-09-28T23:20:59.719257Z
1869,ESP32_IDM_003_L1,32.16,74.06,2.78,2025-09-28T23:19:59.662227Z
1868,ESP32_IDM_003_L1,32.17,73.84,2.75,2025-09-28T23:18:59.58109Z
1867,ESP32_IDM_003_L1,32.19,73.93,2.73,2025-09-28T23:17:59.495891Z
1866,ESP32_IDM_003_L1,32.31,73.44,2.73,2025-09-28T23:16:59.413026Z
1865,ESP32_IDM_003_L1,32.33,73.35,2.73,2025-09-28T23:15:59.328277Z
1864,ESP32_IDM_003_L1,32.34,73.22,2.74,2025-09-28T23:14:59.275295Z
1863,ESP32_IDM_003_L1,32.4,73.29,2.77,2025-09-28T23:13:59.189902Z
1862,ESP32_IDM_003_L1,32.31,73.69,2.73,2025-09-28T23:12:59.106113Z
1861,ESP32_IDM_003_L1,32.13,74.2,2.71,2025-09-28T23:11:59.022654Z
1860,ESP32_IDM_003_L1,32.21,73.72,2.76,2025-09-28T23:10:58.939996Z
1859,ESP32_IDM_003_L1,32.3,73.58,2.8,2025-09-28T23:09:58.884281Z
1858,ESP32_IDM_003_L1,32.27,73.54,2.88,2025-09-28T23:08:58.801129Z
1857,ESP32_IDM_003_L1,32.28,73.72,2.79,2025-09-28T23:07:58.715313Z
1856,ESP32_IDM_003_L1,32.23,73.77,2.77,2025-09-28T23:06:58.633081Z
1855,ESP32_IDM_003_L1,32.24,73.77,2.73,2025-09-28T23:05:58.548132Z
1854,ESP32_IDM_003_L1,32.23,73.68,2.7,2025-09-28T23:04:58.492549Z
1853,ESP32_IDM_003_L1,32.31,73.54,2.74,2025-09-28T23:03:58.40933Z
1852,ESP32_IDM_003_L1,32.27,73.61,2.72,2025-09-28T23:02:58.326148Z
1851,ESP32_IDM_003_L1,32.34,73.28,2.79,2025-09-28T23:01:58.244093Z
1850,ESP32_IDM_003_L1,32.49,72.82,2.74,2025-09-28T23:00:58.158973Z
1849,ESP32_IDM_003_L1,32.55,72.68,2.73,2025-09-28T22:59:58.10329Z
1848,ESP32_IDM_003_L1,32.48,73.01,2.75,2025-09-28T22:58:58.019002Z
1847,ESP32_IDM_003_L1,32.52,72.84,2.71,2025-09-28T22:57:57.935108Z
1846,ESP32_IDM_003_L1,32.41,73.22,2.71,2025-09-28T22:56:57.853151Z
1845,ESP32_IDM_003_L1,32.38,73.35,2.71,2025-09-28T22:55:57.769195Z
1844,ESP32_IDM_003_L1,32.47,73.12,2.73,2025-09-28T22:54:57.71354Z
1843,ESP32_IDM_003_L1,32.49,72.98,2.76,2025-09-28T22:53:57.629998Z
1842,ESP32_IDM_003_L1,32.49,72.99,2.75,2025-09-28T22:52:57.546955Z
1841,ESP32_IDM_003_L1,32.54,72.77,2.73,2025-09-28T22:51:57.461301Z
1840,ESP32_IDM_003_L1,32.49,72.96,2.75,2025-09-28T22:50:57.378719Z
1839,ESP32_IDM_003_L1,32.45,73.17,2.79,2025-09-28T22:49:57.323998Z
1838,ESP32_IDM_003_L1,32.45,73.22,2.79,2025-09-28T22:48:57.239143Z
1837,ESP32_IDM_003_L1,32.44,73.08,2.73,2025-09-28T22:47:57.156299Z
1836,ESP32_IDM_003_L1,32.55,72.8,2.72,2025-09-28T22:46:57.074769Z
1835,ESP32_IDM_003_L1,32.62,72.49,2.7,2025-09-28T22:45:56.989296Z
1834,ESP32_IDM_003_L1,32.61,72.65,2.72,2025-09-28T22:44:56.933643Z
1833,ESP32_IDM_003_L1,32.54,72.84,2.73,2025-09-28T22:43:56.850344Z
1832,ESP32_IDM_003_L1,32.48,72.99,2.72,2025-09-28T22:42:56.766034Z
1831,ESP32_IDM_003_L1,32.4,73.3,2.73,2025-09-28T22:41:56.681781Z
1830,ESP32_IDM_003_L1,32.28,73.71,2.73,2025-09-28T22:40:56.598857Z
1829,ESP32_IDM_003_L1,32.4,73.35,2.75,2025-09-28T22:39:56.542185Z
1828,ESP32_IDM_003_L1,32.55,72.74,2.71,2025-09-28T22:38:56.458693Z
1827,ESP32_IDM_003_L1,32.62,72.57,2.78,2025-09-28T22:37:56.376144Z
1826,ESP32_IDM_003_L1,32.58,72.76,2.76,2025-09-28T22:36:56.293234Z
1825,ESP32_IDM_003_L1,32.57,72.76,2.73,2025-09-28T22:35:56.207754Z
1824,ESP32_IDM_003_L1,32.49,72.96,2.73,2025-09-28T22:34:56.153689Z
1823,ESP32_IDM_003_L1,32.47,73.12,2.73,2025-09-28T22:33:56.069486Z
1822,ESP32_IDM_003_L1,32.44,73.14,2.73,2025-09-28T22:32:55.985094Z
1821,ESP32_IDM_003_L1,32.51,73.06,2.69,2025-09-28T22:31:55.901412Z
1820,ESP32_IDM_003_L1,32.54,73.07,2.69,2025-09-28T22:30:55.819182Z
1819,ESP32_IDM_003_L1,32.51,73.23,2.69,2025-09-28T22:29:55.762121Z
1818,ESP32_IDM_003_L1,32.28,74.21,2.7,2025-09-28T22:28:55.680139Z
1817,ESP32_IDM_003_L1,32.34,73.6,2.7,2025-09-28T22:27:55.597319Z
1816,ESP32_IDM_003_L1,32.27,73.58,2.67,2025-09-28T22:26:55.513173Z
1815,ESP32_IDM_003_L1,32.42,73.32,2.71,2025-09-28T22:25:55.427714Z
1814,ESP32_IDM_003_L1,32.42,73.44,2.73,2025-09-28T22:24:55.37517Z
1813,ESP32_IDM_003_L1,32.28,73.93,2.68,2025-09-28T22:23:55.288834Z
1812,ESP32_IDM_003_L1,32.33,73.82,2.62,2025-09-28T22:22:55.206279Z
1811,ESP32_IDM_003_L1,32.4,73.57,2.62,2025-09-28T22:21:55.121387Z
1810,ESP32_IDM_003_L1,32.33,73.65,2.59,2025-09-28T22:20:55.039804Z
1809,ESP32_IDM_003_L1,32.09,74.62,2.62,2025-09-28T22:19:54.981629Z
1808,ESP32_IDM_003_L1,31.97,74.86,2.62,2025-09-28T22:18:54.898607Z
1807,ESP32_IDM_003_L1,32.16,74.43,2.61,2025-09-28T22:17:54.817578Z
1806,ESP32_IDM_003_L1,32.23,74.02,2.57,2025-09-28T22:16:54.731357Z
1805,ESP32_IDM_003_L1,32.21,74.25,2.61,2025-09-28T22:15:54.648048Z
1804,ESP32_IDM_003_L1,32.03,74.81,2.64,2025-09-28T22:14:54.595111Z
1803,ESP32_IDM_003_L1,32.16,74.15,2.62,2025-09-28T22:13:54.508438Z
1802,ESP32_IDM_003_L1,31.85,75.52,2.58,2025-09-28T22:12:54.425273Z
1801,ESP32_IDM_003_L1,31.85,75.2,2.58,2025-09-28T22:11:54.341305Z
1800,ESP32_IDM_003_L1,31.96,75.1,2.62,2025-09-28T22:10:54.260031Z
1799,ESP32_IDM_003_L1,32.02,74.36,2.69,2025-09-28T22:09:54.201989Z
1798,ESP32_IDM_003_L1,32.14,74.38,2.73,2025-09-28T22:08:54.119389Z
1797,ESP32_IDM_003_L1,32.16,74.07,2.78,2025-09-28T22:07:54.037296Z
1796,ESP32_IDM_003_L1,32.03,74.53,2.63,2025-09-28T22:06:53.951747Z
1795,ESP32_IDM_003_L1,31.86,75.38,2.66,2025-09-28T22:05:53.868125Z
1794,ESP32_IDM_003_L1,32.09,74.38,2.71,2025-09-28T22:04:53.814895Z
1793,ESP32_IDM_003_L1,32.17,74.12,2.73,2025-09-28T22:03:53.727952Z
1792,ESP32_IDM_003_L1,32.03,74.27,2.76,2025-09-28T22:02:53.645169Z
1791,ESP32_IDM_003_L1,32.27,73.42,2.8,2025-09-28T22:01:53.562843Z
1790,ESP32_IDM_003_L1,32.21,73.73,2.8,2025-09-28T22:00:53.477566Z
1789,ESP32_IDM_003_L1,32.24,73.73,2.73,2025-09-28T21:59:53.421833Z
1788,ESP32_IDM_003_L1,32.3,73.51,2.72,2025-09-28T21:58:53.340714Z
1787,ESP32_IDM_003_L1,32.13,74.19,2.77,2025-09-28T21:57:53.25461Z
1786,ESP32_IDM_003_L1,32.16,73.81,2.74,2025-09-28T21:56:53.172086Z
1785,ESP32_IDM_003_L1,32.34,73.28,2.71,2025-09-28T21:55:53.087454Z
1784,ESP32_IDM_003_L1,32.23,73.74,2.68,2025-09-28T21:54:53.031807Z
1783,ESP32_IDM_003_L1,32.0,74.46,2.65,2025-09-28T21:53:52.948309Z
1782,ESP32_IDM_003_L1,32.28,73.44,2.64,2025-09-28T21:52:52.867113Z
1781,ESP32_IDM_003_L1,32.21,73.69,2.63,2025-09-28T21:51:52.78297Z
1780,ESP32_IDM_003_L1,32.21,73.96,2.67,2025-09-28T21:50:52.698007Z
1779,ESP32_IDM_003_L1,32.19,73.86,2.68,2025-09-28T21:49:52.643172Z
1778,ESP32_IDM_003_L1,32.19,74.0,2.65,2025-09-28T21:48:52.55998Z
1777,ESP32_IDM_003_L1,32.24,73.6,2.71,2025-09-28T21:47:52.474646Z
1776,ESP32_IDM_003_L1,32.23,73.82,2.66,2025-09-28T21:46:52.390864Z
1775,ESP32_IDM_003_L1,32.1,74.11,2.63,2025-09-28T21:45:52.327333Z
1774,ESP32_IDM_003_L1,32.55,72.23,2.67,2025-09-28T21:44:52.242477Z
1773,ESP32_IDM_003_L1,32.31,73.24,2.74,2025-09-28T21:43:52.158205Z
1772,ESP32_IDM_003_L1,32.38,72.89,2.83,2025-09-28T21:42:52.12702Z
1771,ESP32_IDM_003_L1,32.45,72.54,2.81,2025-09-28T21:41:51.992911Z
1770,ESP32_IDM_003_L1,32.51,72.53,2.87,2025-09-28T21:40:51.936556Z
1769,ESP32_IDM_003_L1,32.54,72.54,2.84,2025-09-28T21:39:51.854509Z
1768,ESP32_IDM_003_L1,32.42,72.88,2.83,2025-09-28T21:38:51.770308Z
1767,ESP32_IDM_003_L1,32.4,73.03,2.84,2025-09-28T21:37:51.68561Z
1766,ESP32_IDM_003_L1,32.35,73.04,2.84,2025-09-28T21:36:51.601763Z
1765,ESP32_IDM_003_L1,32.44,72.86,2.82,2025-09-28T21:35:51.548209Z
1764,ESP32_IDM_003_L1,32.33,73.25,2.83,2025-09-28T21:34:51.463842Z
1763,ESP32_IDM_003_L1,32.27,73.33,2.81,2025-09-28T21:33:51.37936Z
1762,ESP32_IDM_003_L1,32.33,73.22,2.8,2025-09-28T21:32:51.298309Z
1761,ESP32_IDM_003_L1,32.33,73.24,2.81,2025-09-28T21:31:51.213729Z
1760,ESP32_IDM_003_L1,32.3,73.27,2.83,2025-09-28T21:30:51.158231Z
1759,ESP32_IDM_003_L1,32.35,72.98,2.79,2025-09-28T21:29:51.078717Z
1758,ESP32_IDM_003_L1,32.37,72.96,2.79,2025-09-28T21:28:50.991997Z
1757,ESP32_IDM_003_L1,32.47,72.76,2.7,2025-09-28T21:27:50.908138Z
1756,ESP32_IDM_003_L1,32.48,72.62,2.76,2025-09-28T21:26:50.824681Z
1755,ESP32_IDM_003_L1,32.49,72.79,2.76,2025-09-28T21:25:50.770498Z
1754,ESP32_IDM_003_L1,32.28,73.39,2.68,2025-09-28T21:24:50.685888Z
1753,ESP32_IDM_003_L1,32.23,73.56,2.75,2025-09-28T21:23:50.604266Z
1752,ESP32_IDM_003_L1,32.24,73.48,2.76,2025-09-28T21:22:50.518845Z
1751,ESP32_IDM_003_L1,32.33,72.96,2.82,2025-09-28T21:21:50.435713Z
1750,ESP32_IDM_003_L1,32.4,72.76,2.86,2025-09-28T21:20:50.382071Z
1749,ESP32_IDM_003_L1,32.45,72.69,2.77,2025-09-28T21:19:50.297181Z
1748,ESP32_IDM_003_L1,32.48,72.68,2.75,2025-09-28T21:18:50.213901Z
1747,ESP32_IDM_003_L1,32.51,72.56,2.7,2025-09-28T21:17:50.129007Z
1746,ESP32_IDM_003_L1,32.44,72.61,2.69,2025-09-28T21:16:50.048521Z
1745,ESP32_IDM_003_L1,32.55,72.37,2.73,2025-09-28T21:15:49.991725Z
1744,ESP32_IDM_003_L1,32.45,72.7,2.77,2025-09-28T21:14:49.908422Z
1743,ESP32_IDM_003_L1,32.55,72.32,2.75,2025-09-28T21:13:49.825245Z
1742,ESP32_IDM_003_L1,32.69,71.79,2.75,2025-09-28T21:12:49.741024Z
1741,ESP32_IDM_003_L1,32.62,72.14,2.82,2025-09-28T21:11:49.657151Z
1740,ESP32_IDM_003_L1,32.55,72.28,2.79,2025-09-28T21:10:49.603852Z
1739,ESP32_IDM_003_L1,32.57,72.23,2.78,2025-09-28T21:09:49.519235Z
1738,ESP32_IDM_003_L1,32.54,72.4,2.77,2025-09-28T21:08:49.435737Z
1737,ESP32_IDM_003_L1,32.54,72.35,2.79,2025-09-28T21:07:49.352854Z
1736,ESP32_IDM_003_L1,32.59,72.37,2.78,2025-09-28T21:06:49.269396Z
1735,ESP32_IDM_003_L1,32.54,72.62,2.79,2025-09-28T21:05:49.212746Z
1734,ESP32_IDM_003_L1,32.44,72.97,2.82,2025-09-28T21:04:49.130477Z
1733,ESP32_IDM_003_L1,32.49,72.66,2.79,2025-09-28T21:03:49.046203Z
1732,ESP32_IDM_003_L1,32.4,73.08,2.83,2025-09-28T21:02:48.963153Z
1731,ESP32_IDM_003_L1,32.23,73.65,2.86,2025-09-28T21:01:48.878641Z
1730,ESP32_IDM_003_L1,32.07,74.02,2.86,2025-09-28T21:00:48.824108Z
1729,ESP32_IDM_003_L1,32.07,74.08,2.82,2025-09-28T20:59:48.74115Z
1728,ESP32_IDM_003_L1,32.12,73.89,2.86,2025-09-28T20:58:48.656919Z
1727,ESP32_IDM_003_L1,32.16,73.68,2.86,2025-09-28T20:57:48.574239Z
1726,ESP32_IDM_003_L1,32.34,73.13,2.81,2025-09-28T20:56:48.489737Z
1725,ESP32_IDM_003_L1,32.35,73.08,2.81,2025-09-28T20:55:48.436084Z
1724,ESP32_IDM_003_L1,32.42,72.9,2.82,2025-09-28T20:54:48.352536Z
1723,ESP32_IDM_003_L1,32.47,72.62,2.78,2025-09-28T20:53:48.267978Z
1722,ESP32_IDM_003_L1,32.59,72.23,2.83,2025-09-28T20:52:48.184873Z
1721,ESP32_IDM_003_L1,32.57,72.3,2.81,2025-09-28T20:51:48.102335Z
1720,ESP32_IDM_003_L1,32.59,72.09,2.86,2025-09-28T20:50:48.046734Z
1719,ESP32_IDM_003_L1,32.66,72.11,2.84,2025-09-28T20:49:47.962408Z
1718,ESP32_IDM_003_L1,32.71,72.35,2.87,2025-09-28T20:48:47.880516Z
1717,ESP32_IDM_003_L1,32.64,72.64,2.88,2025-09-28T20:47:47.79449Z
1716,ESP32_IDM_003_L1,32.58,72.84,2.81,2025-09-28T20:46:47.712583Z
1715,ESP32_IDM_003_L1,32.55,72.23,2.82,2025-09-28T20:45:47.658489Z
1714,ESP32_IDM_003_L1,32.54,72.66,2.79,2025-09-28T20:44:47.573485Z
1713,ESP32_IDM_003_L1,32.48,72.73,2.81,2025-09-28T20:43:47.489811Z
1712,ESP32_IDM_003_L1,32.52,72.26,2.82,2025-09-28T20:42:47.407729Z
1711,ESP32_IDM_003_L1,32.57,72.31,2.89,2025-09-28T20:41:47.323849Z
1710,ESP32_IDM_003_L1,32.59,71.96,2.9,2025-09-28T20:40:47.268337Z
1709,ESP32_IDM_003_L1,32.49,72.3,2.88,2025-09-28T20:39:47.186317Z
1708,ESP32_IDM_003_L1,32.45,72.4,2.89,2025-09-28T20:38:47.102424Z
1707,ESP32_IDM_003_L1,32.59,72.07,2.83,2025-09-28T20:37:47.017319Z
1706,ESP32_IDM_003_L1,32.59,72.09,2.8,2025-09-28T20:36:46.934126Z
1705,ESP32_IDM_003_L1,32.65,72.09,2.79,2025-09-28T20:35:46.880399Z
1704,ESP32_IDM_003_L1,32.61,72.13,2.81,2025-09-28T20:34:46.795679Z
1703,ESP32_IDM_003_L1,32.61,72.06,2.78,2025-09-28T20:33:46.712759Z
1702,ESP32_IDM_003_L1,32.58,72.47,2.76,2025-09-28T20:32:46.630728Z
1701,ESP32_IDM_003_L1,32.65,72.32,2.76,2025-09-28T20:31:46.545565Z
1700,ESP32_IDM_003_L1,32.55,72.7,2.75,2025-09-28T20:30:46.49113Z
1699,ESP32_IDM_003_L1,32.49,72.96,2.77,2025-09-28T20:29:46.407667Z
1698,ESP32_IDM_003_L1,32.28,73.46,2.82,2025-09-28T20:28:46.323473Z
1697,ESP32_IDM_003_L1,32.27,73.42,2.8,2025-09-28T20:27:46.239346Z
1696,ESP32_IDM_003_L1,32.37,73.02,2.78,2025-09-28T20:26:46.156537Z
1695,ESP32_IDM_003_L1,32.34,73.12,2.76,2025-09-28T20:25:46.100317Z
1694,ESP32_IDM_003_L1,32.27,73.54,2.79,2025-09-28T20:24:46.017448Z
1693,ESP32_IDM_003_L1,32.23,73.4,2.74,2025-09-28T20:23:45.93455Z
1692,ESP32_IDM_003_L1,32.16,73.42,2.79,2025-09-28T20:22:45.851442Z
1691,ESP32_IDM_003_L1,32.24,73.21,2.79,2025-09-28T20:21:45.766272Z
1690,ESP32_IDM_003_L1,32.41,72.74,2.79,2025-09-28T20:20:45.715204Z
1689,ESP32_IDM_003_L1,32.42,72.94,2.77,2025-09-28T20:19:45.629255Z
1688,ESP32_IDM_003_L1,32.38,72.67,2.81,2025-09-28T20:18:45.55246Z
1687,ESP32_IDM_003_L1,32.55,72.05,2.8,2025-09-28T20:17:45.463025Z
1686,ESP32_IDM_003_L1,32.58,71.92,2.79,2025-09-28T20:16:45.379649Z
1685,ESP32_IDM_003_L1,32.57,71.89,2.83,2025-09-28T20:15:45.322878Z
1684,ESP32_IDM_003_L1,32.59,72.07,2.83,2025-09-28T20:14:45.239626Z
1683,ESP32_IDM_003_L1,32.54,72.25,2.83,2025-09-28T20:13:45.158069Z
1682,ESP32_IDM_003_L1,32.45,72.38,2.86,2025-09-28T20:12:45.072298Z
1681,ESP32_IDM_003_L1,32.45,72.38,2.82,2025-09-28T20:11:44.988381Z
1680,ESP32_IDM_003_L1,32.44,72.48,2.78,2025-09-28T20:10:44.935402Z
1679,ESP32_IDM_003_L1,32.49,72.28,2.81,2025-09-28T20:09:44.849394Z
1678,ESP32_IDM_003_L1,32.55,72.25,2.77,2025-09-28T20:08:44.765724Z
1677,ESP32_IDM_003_L1,32.45,72.61,2.83,2025-09-28T20:07:44.683594Z
1676,ESP32_IDM_003_L1,32.45,72.47,2.84,2025-09-28T20:06:44.602112Z
1675,ESP32_IDM_003_L1,32.49,72.25,2.8,2025-09-28T20:05:44.544804Z
1674,ESP32_IDM_003_L1,32.45,72.29,2.83,2025-09-28T20:04:44.461745Z
1673,ESP32_IDM_003_L1,32.52,72.11,2.83,2025-09-28T20:03:44.380785Z
1672,ESP32_IDM_003_L1,32.4,72.85,2.79,2025-09-28T20:02:44.294732Z
1671,ESP32_IDM_003_L1,32.21,73.37,2.74,2025-09-28T20:01:44.210561Z
1670,ESP32_IDM_003_L1,32.27,73.09,2.8,2025-09-28T20:00:44.155706Z
1669,ESP32_IDM_003_L1,32.41,72.61,2.82,2025-09-28T19:59:44.071846Z
1668,ESP32_IDM_003_L1,32.21,73.25,2.84,2025-09-28T19:58:43.989202Z
1667,ESP32_IDM_003_L1,32.42,72.57,2.89,2025-09-28T19:57:43.9052Z
1666,ESP32_IDM_003_L1,32.65,71.89,2.89,2025-09-28T19:56:43.822045Z
1665,ESP32_IDM_003_L1,32.65,71.99,2.92,2025-09-28T19:55:43.766698Z
1664,ESP32_IDM_003_L1,32.61,71.98,2.9,2025-09-28T19:54:43.685114Z
1663,ESP32_IDM_003_L1,32.52,71.99,2.85,2025-09-28T19:53:43.599485Z
1662,ESP32_IDM_003_L1,32.61,71.75,2.8,2025-09-28T19:52:43.516432Z
1661,ESP32_IDM_003_L1,32.66,71.68,2.8,2025-09-28T19:51:43.432104Z
1660,ESP32_IDM_003_L1,32.54,72.04,2.8,2025-09-28T19:50:43.378285Z
1659,ESP32_IDM_003_L1,32.47,72.31,2.79,2025-09-28T19:49:43.293745Z
1658,ESP32_IDM_003_L1,32.31,72.91,2.81,2025-09-28T19:48:43.212197Z
1657,ESP32_IDM_003_L1,32.24,73.04,2.79,2025-09-28T19:47:43.128459Z
1656,ESP32_IDM_003_L1,32.25,72.91,2.71,2025-09-28T19:46:43.042949Z
1655,ESP32_IDM_003_L1,32.31,72.72,2.67,2025-09-28T19:45:42.992524Z
1654,ESP32_IDM_003_L1,32.42,72.48,2.77,2025-09-28T19:44:42.906971Z
1653,ESP32_IDM_003_L1,32.52,72.07,2.75,2025-09-28T19:43:42.821108Z
1652,ESP32_IDM_003_L1,32.54,71.92,2.74,2025-09-28T19:42:42.738031Z
1651,ESP32_IDM_003_L1,32.55,71.91,2.7,2025-09-28T19:41:42.657807Z
1650,ESP32_IDM_003_L1,32.66,71.73,2.75,2025-09-28T19:40:42.600063Z
1649,ESP32_IDM_003_L1,32.58,71.78,2.79,2025-09-28T19:39:42.515623Z
1648,ESP32_IDM_003_L1,32.62,71.81,2.76,2025-09-28T19:38:42.43486Z
1647,ESP32_IDM_003_L1,32.59,71.86,2.76,2025-09-28T19:37:42.349541Z
1646,ESP32_IDM_003_L1,32.48,72.2,2.78,2025-09-28T19:36:42.265553Z
1645,ESP32_IDM_003_L1,32.52,72.26,2.78,2025-09-28T19:35:42.211522Z
1644,ESP32_IDM_003_L1,32.55,72.12,2.71,2025-09-28T19:34:42.127815Z
1643,ESP32_IDM_003_L1,32.57,72.22,2.67,2025-09-28T19:33:42.043035Z
1642,ESP32_IDM_003_L1,32.45,72.45,2.72,2025-09-28T19:32:41.959609Z
1641,ESP32_IDM_003_L1,32.49,72.47,2.71,2025-09-28T19:31:41.877559Z
1640,ESP32_IDM_003_L1,32.47,72.59,2.76,2025-09-28T19:30:41.822106Z
1639,ESP32_IDM_003_L1,32.31,73.03,2.76,2025-09-28T19:29:41.739432Z
1638,ESP32_IDM_003_L1,32.19,73.28,2.8,2025-09-28T19:28:41.656116Z
1637,ESP32_IDM_003_L1,32.34,72.81,2.81,2025-09-28T19:27:41.571748Z
1636,ESP32_IDM_003_L1,32.34,72.75,2.8,2025-09-28T19:26:41.487376Z
1635,ESP32_IDM_003_L1,32.38,72.64,2.78,2025-09-28T19:25:41.432648Z
1634,ESP32_IDM_003_L1,32.38,72.67,2.77,2025-09-28T19:24:41.348702Z
1633,ESP32_IDM_003_L1,32.34,72.75,2.79,2025-09-28T19:23:41.264376Z
1632,ESP32_IDM_003_L1,32.52,72.11,2.86,2025-09-28T19:22:41.183768Z
1631,ESP32_IDM_003_L1,32.45,72.53,2.84,2025-09-28T19:21:41.09935Z
1630,ESP32_IDM_003_L1,32.52,71.87,2.82,2025-09-28T19:20:41.04403Z
1629,ESP32_IDM_003_L1,32.57,71.97,2.9,2025-09-28T19:19:40.961236Z
1628,ESP32_IDM_003_L1,32.48,72.2,2.84,2025-09-28T19:18:40.877656Z
1627,ESP32_IDM_003_L1,32.42,72.23,2.86,2025-09-28T19:17:40.792518Z
1626,ESP32_IDM_003_L1,32.45,72.19,2.84,2025-09-28T19:16:40.70953Z
1625,ESP32_IDM_003_L1,32.42,72.49,2.86,2025-09-28T19:15:40.655336Z
1624,ESP32_IDM_003_L1,32.47,72.16,2.88,2025-09-28T19:14:40.571034Z
1623,ESP32_IDM_003_L1,32.44,72.44,2.83,2025-09-28T19:13:40.487463Z
1622,ESP32_IDM_003_L1,32.35,72.57,2.78,2025-09-28T19:12:40.405277Z
1621,ESP32_IDM_003_L1,32.37,72.6,2.86,2025-09-28T19:11:40.320501Z
1620,ESP32_IDM_003_L1,32.44,72.23,2.92,2025-09-28T19:10:40.265671Z
1619,ESP32_IDM_003_L1,32.49,72.1,2.91,2025-09-28T19:09:40.18372Z
1618,ESP32_IDM_003_L1,32.51,72.14,2.91,2025-09-28T19:08:40.099434Z
1617,ESP32_IDM_003_L1,32.38,72.68,2.89,2025-09-28T19:07:40.014415Z
1616,ESP32_IDM_003_L1,32.24,73.1,2.84,2025-09-28T19:06:39.933431Z
1615,ESP32_IDM_003_L1,32.13,73.44,2.81,2025-09-28T19:05:39.876737Z
1614,ESP32_IDM_003_L1,32.14,73.46,2.82,2025-09-28T19:04:39.793233Z
1613,ESP32_IDM_003_L1,32.16,73.24,2.92,2025-09-28T19:03:39.710308Z
1612,ESP32_IDM_003_L1,32.27,72.76,2.91,2025-09-28T19:02:39.626205Z
1611,ESP32_IDM_003_L1,32.31,72.62,2.92,2025-09-28T19:01:39.542256Z
1610,ESP32_IDM_003_L1,32.38,72.58,2.89,2025-09-28T19:00:39.489303Z
1609,ESP32_IDM_003_L1,32.25,72.74,2.94,2025-09-28T18:59:39.403868Z
1608,ESP32_IDM_003_L1,32.27,72.78,2.93,2025-09-28T18:58:39.321101Z
1607,ESP32_IDM_003_L1,32.28,72.79,2.84,2025-09-28T18:57:39.238174Z
1606,ESP32_IDM_003_L1,32.27,72.7,2.82,2025-09-28T18:56:39.161552Z
1605,ESP32_IDM_003_L1,32.31,72.72,2.77,2025-09-28T18:55:39.098992Z
1604,ESP32_IDM_003_L1,32.27,72.94,2.77,2025-09-28T18:54:39.014539Z
1603,ESP32_IDM_003_L1,32.23,72.98,2.7,2025-09-28T18:53:38.930472Z
1602,ESP32_IDM_003_L1,32.2,73.08,2.73,2025-09-28T18:52:38.847504Z
1601,ESP32_IDM_003_L1,32.14,73.34,2.72,2025-09-28T18:51:38.763548Z
1600,ESP32_IDM_003_L1,32.06,73.58,2.64,2025-09-28T18:50:38.709635Z
1599,ESP32_IDM_003_L1,32.06,73.63,2.67,2025-09-28T18:49:38.626449Z
1598,ESP32_IDM_003_L1,32.07,73.58,2.69,2025-09-28T18:48:38.543151Z
1597,ESP32_IDM_003_L1,32.03,73.61,2.75,2025-09-28T18:47:38.459373Z
1596,ESP32_IDM_003_L1,32.05,73.71,2.81,2025-09-28T18:46:38.374751Z
1595,ESP32_IDM_003_L1,32.05,73.64,2.79,2025-09-28T18:45:38.319947Z
1594,ESP32_IDM_003_L1,32.1,73.39,2.81,2025-09-28T18:44:38.237873Z
1593,ESP32_IDM_003_L1,32.19,73.23,2.84,2025-09-28T18:43:38.15315Z
1592,ESP32_IDM_003_L1,32.2,73.18,2.75,2025-09-28T18:42:38.070709Z
1591,ESP32_IDM_003_L1,32.17,73.33,2.73,2025-09-28T18:41:37.987371Z
1590,ESP32_IDM_003_L1,32.07,73.47,2.73,2025-09-28T18:40:37.931735Z
1589,ESP32_IDM_003_L1,32.09,73.42,2.72,2025-09-28T18:39:37.84881Z
1588,ESP32_IDM_003_L1,32.16,73.33,2.79,2025-09-28T18:38:37.766169Z
1587,ESP32_IDM_003_L1,32.09,73.59,2.78,2025-09-28T18:37:37.681429Z
1586,ESP32_IDM_003_L1,32.13,73.46,2.77,2025-09-28T18:36:37.597672Z
1585,ESP32_IDM_003_L1,32.05,73.67,2.85,2025-09-28T18:35:37.543777Z
1584,ESP32_IDM_003_L1,32.05,73.64,2.8,2025-09-28T18:34:37.458325Z
1583,ESP32_IDM_003_L1,32.12,73.48,2.76,2025-09-28T18:33:37.375742Z
1582,ESP32_IDM_003_L1,32.14,73.26,2.76,2025-09-28T18:32:37.292383Z
1581,ESP32_IDM_003_L1,32.17,73.46,2.85,2025-09-28T18:31:37.208584Z
1580,ESP32_IDM_003_L1,32.21,73.34,2.82,2025-09-28T18:30:37.153563Z
1579,ESP32_IDM_003_L1,32.27,73.15,2.8,2025-09-28T18:29:37.06963Z
1578,ESP32_IDM_003_L1,32.24,73.3,2.82,2025-09-28T18:28:36.987833Z
1577,ESP32_IDM_003_L1,32.2,73.45,2.8,2025-09-28T18:27:36.901642Z
1576,ESP32_IDM_003_L1,32.24,73.13,2.73,2025-09-28T18:26:36.819165Z
1575,ESP32_IDM_003_L1,32.35,73.17,2.77,2025-09-28T18:25:36.765193Z
1574,ESP32_IDM_003_L1,32.25,73.26,2.75,2025-09-28T18:24:36.680662Z
1573,ESP32_IDM_003_L1,32.28,73.34,2.79,2025-09-28T18:23:36.596567Z
1572,ESP32_IDM_003_L1,32.38,73.1,2.79,2025-09-28T18:22:36.513908Z
1571,ESP32_IDM_003_L1,32.45,72.97,2.82,2025-09-28T18:21:36.431555Z
1570,ESP32_IDM_003_L1,32.34,73.31,2.87,2025-09-28T18:20:36.375701Z
1569,ESP32_IDM_003_L1,32.35,73.25,2.82,2025-09-28T18:19:36.293889Z
1568,ESP32_IDM_003_L1,32.34,73.28,2.8,2025-09-28T18:18:36.209072Z
1567,ESP32_IDM_003_L1,32.34,73.22,2.81,2025-09-28T18:17:36.124261Z
1566,ESP32_IDM_003_L1,32.41,73.0,2.81,2025-09-28T18:16:36.041636Z
1565,ESP32_IDM_003_L1,32.34,73.25,2.77,2025-09-28T18:15:35.986079Z
1564,ESP32_IDM_003_L1,32.41,72.88,2.84,2025-09-28T18:14:35.902572Z
1563,ESP32_IDM_003_L1,32.42,72.75,2.84,2025-09-28T18:13:35.819584Z
1562,ESP32_IDM_003_L1,32.52,72.45,2.81,2025-09-28T18:12:35.737108Z
1561,ESP32_IDM_003_L1,32.42,72.92,2.81,2025-09-28T18:11:35.651251Z
1560,ESP32_IDM_003_L1,32.4,73.13,2.76,2025-09-28T18:10:35.599849Z
1559,ESP32_IDM_003_L1,32.34,73.19,2.79,2025-09-28T18:09:35.515218Z
1558,ESP32_IDM_003_L1,32.2,73.67,2.73,2025-09-28T18:08:35.430428Z
1557,ESP32_IDM_003_L1,32.31,73.27,2.77,2025-09-28T18:07:35.346147Z
1556,ESP32_IDM_003_L1,32.38,73.12,2.86,2025-09-28T18:06:35.266174Z
